num_records,selected,spearman,spearman_pv,pearson,pearson_pv
5,"mut1, mut6, mut13, mut14, mut15",0.7,0.18812040437418728,0.7982680895044769,0.10541366179787504
5,"mut1, mut2, mut6, mut13, mut15",0.7,0.18812040437418728,0.6781002430629228,0.20832659326650885
5,"mut1, mut5, mut6, mut13, mut15",0.7,0.18812040437418728,0.4067005198939124,0.49682500600720464
5,"mut1, mut2, mut13, mut14, mut15",0.6,0.28475697986529375,0.7037842138671832,0.1846884813816143
5,"mut1, mut2, mut6, mut13, mut14",0.6,0.28475697986529375,0.5981858688287409,0.2866064076022534
5,"mut1, mut5, mut6, mut3, mut15",0.49999999999999994,0.39100221895577053,0.4959795889042392,0.3954412763959037
5,"mut1, mut5, mut6, mut13, mut3",0.49999999999999994,0.39100221895577053,0.4923425721999012,0.3994671471271176
5,"mut1, mut5, mut6, mut13, mut14",0.49999999999999994,0.39100221895577053,0.3400519304595252,0.5755278983364585
5,"mut1, mut2, mut5, mut6, mut13",0.49999999999999994,0.39100221895577053,0.28635931225880434,0.6404421841156032
6,"mut1, mut2, mut6, mut13, mut14, mut15",0.48571428571428577,0.3287230320699709,0.6178768585710457,0.19112869619868317
6,"mut1, mut5, mut6, mut13, mut14, mut15",0.4285714285714286,0.3965014577259474,0.2868019923225662,0.5815925153493261
6,"mut1, mut2, mut5, mut6, mut13, mut15",0.4285714285714286,0.3965014577259474,0.24297260259376163,0.6427131231987862
5,"mut1, mut6, mut13, mut4, mut15",0.39999999999999997,0.5046315754686911,0.5523952608486878,0.33428550335294843
5,"mut1, mut12, mut6, mut13, mut15",0.39999999999999997,0.5046315754686911,0.4953784250838003,0.3961060529059763
5,"mut1, mut6, mut13, mut3, mut15",0.39999999999999997,0.5046315754686911,0.41726556095627626,0.48456789712231557
6,"mut1, mut5, mut6, mut13, mut3, mut15",0.3714285714285715,0.46847813411078715,0.3538266697550955,0.4914083617383288
6,"mut1, mut2, mut5, mut6, mut13, mut14",0.3142857142857143,0.5440932944606414,0.20230872453024223,0.7006770418921303
5,"mut1, mut13, mut4, mut14, mut15",0.3,0.6238376647810728,0.5946676506091916,0.29020197995775887
5,"mut1, mut12, mut13, mut14, mut15",0.3,0.6238376647810728,0.5501617732211159,0.33665811579545185
5,"mut1, mut2, mut13, mut4, mut14",0.3,0.6238376647810728,0.5433808085779366,0.3438870065689399
5,"mut1, mut2, mut13, mut4, mut15",0.3,0.6238376647810728,0.5387490057363679,0.3488465934963016
5,"mut1, mut2, mut12, mut13, mut14",0.3,0.6238376647810728,0.5008286083221546,0.39008880007831964
5,"mut1, mut2, mut12, mut13, mut15",0.3,0.6238376647810728,0.49872547803380674,0.39240817691015006
5,"mut1, mut6, mut13, mut4, mut14",0.3,0.6238376647810728,0.4937403147467196,0.39791883183806304
5,"mut1, mut12, mut6, mut13, mut14",0.3,0.6238376647810728,0.4363330931348735,0.4626130931500869
5,"mut1, mut2, mut6, mut13, mut4",0.3,0.6238376647810728,0.42905165217041114,0.4709712744004345
5,"mut1, mut5, mut6, mut3, mut14",0.3,0.6238376647810728,0.38293630768256054,0.5246234755452347
5,"mut1, mut2, mut12, mut6, mut13",0.3,0.6238376647810728,0.37600512817846304,0.5327884242699084
5,"mut1, mut5, mut6, mut14, mut15",0.3,0.6238376647810728,0.3235578891330602,0.5953387399729928
5,"mut1, mut2, mut5, mut6, mut3",0.3,0.6238376647810728,0.301413687581942,0.6221210103863769
5,"mut1, mut6, mut13, mut3, mut14",0.3,0.6238376647810728,0.2757239938369989,0.6534376452140411
5,"mut1, mut2, mut5, mut6, mut15",0.3,0.6238376647810728,0.2662068157840506,0.6651019091297121
5,"mut1, mut5, mut13, mut14, mut15",0.3,0.6238376647810728,0.2417663838930097,0.6951991306651389
5,"mut1, mut13, mut3, mut14, mut15",0.3,0.6238376647810728,0.23470999032129947,0.7039248973657201
5,"mut1, mut12, mut5, mut6, mut13",0.3,0.6238376647810728,0.21466244331301762,0.7287971121677773
5,"mut1, mut5, mut6, mut13, mut4",0.3,0.6238376647810728,0.20863868643383568,0.7362930315862001
5,"mut1, mut12, mut5, mut6, mut3",0.3,0.6238376647810728,0.20271629380787592,0.7436724244788658
5,"mut1, mut5, mut6, mut3, mut4",0.3,0.6238376647810728,0.19807803931777362,0.7494582310816781
5,"mut1, mut2, mut5, mut13, mut15",0.3,0.6238376647810728,0.19684703841790224,0.7509947293819659
5,"mut1, mut12, mut5, mut6, mut15",0.3,0.6238376647810728,0.19090207839729914,0.7584204572440548
5,"mut1, mut5, mut6, mut4, mut15",0.3,0.6238376647810728,0.1872764219750485,0.7629535046910038
5,"mut1, mut2, mut6, mut13, mut3",0.3,0.6238376647810728,0.18620282016982345,0.764296411443746
5,"mut1, mut2, mut13, mut3, mut15",0.3,0.6238376647810728,0.1599165877808963,0.7972590758935311
5,"mut1, mut2, mut5, mut13, mut14",0.3,0.6238376647810728,0.15897459525823462,0.7984431139438772
5,"mut1, mut2, mut13, mut3, mut14",0.3,0.6238376647810728,0.08560630617989679,0.8911359424873502
6,"mut1, mut6, mut13, mut4, mut14, mut15",0.2571428571428572,0.6227871720116618,0.5120432857745795,0.2990609574362781
6,"mut1, mut12, mut6, mut13, mut14, mut15",0.2571428571428572,0.6227871720116618,0.4617035286983714,0.35665541182005284
6,"mut1, mut2, mut6, mut13, mut4, mut15",0.2571428571428572,0.6227871720116618,0.44772322885162724,0.37328958057383843
6,"mut1, mut2, mut12, mut6, mut13, mut15",0.2571428571428572,0.6227871720116618,0.4020452742088582,0.42942546866263315
6,"mut1, mut5, mut6, mut13, mut3, mut14",0.2571428571428572,0.6227871720116618,0.2846600272879957,0.584543149534128
6,"mut1, mut6, mut13, mut3, mut14, mut15",0.2571428571428572,0.6227871720116618,0.25722722945249243,0.6226689846488969
6,"mut1, mut2, mut5, mut6, mut13, mut3",0.2571428571428572,0.6227871720116618,0.23119468278176386,0.6593867671657502
6,"mut1, mut12, mut5, mut6, mut13, mut15",0.2571428571428572,0.6227871720116618,0.182000175085106,0.7300140300716281
6,"mut1, mut2, mut6, mut13, mut3, mut15",0.2571428571428572,0.6227871720116618,0.18068613751322304,0.7319202672866849
6,"mut1, mut5, mut6, mut13, mut4, mut15",0.2571428571428572,0.6227871720116618,0.17739433568240592,0.7366996855063593
7,"mut1, mut2, mut5, mut6, mut13, mut14, mut15",0.25,0.5887244480896833,0.17979046040821026,0.6996873099914261
6,"mut1, mut2, mut13, mut4, mut14, mut15",0.2,0.704,0.5294773007183953,0.28000252671425696
6,"mut1, mut2, mut12, mut13, mut14, mut15",0.2,0.704,0.4922422088002255,0.32127241914813887
6,"mut1, mut2, mut6, mut13, mut4, mut14",0.2,0.704,0.4175701123865795,0.41004959572706423
6,"mut1, mut2, mut12, mut6, mut13, mut14",0.2,0.704,0.3700157871854079,0.4703060612587392
6,"mut1, mut2, mut5, mut13, mut14, mut15",0.2,0.704,0.13924083859809722,0.7924885435673431
6,"mut1, mut2, mut6, mut13, mut3, mut14",0.2,0.704,0.09883501828186383,0.8522302006382465
6,"mut1, mut2, mut13, mut3, mut14, mut15",0.2,0.704,0.0908723055695985,0.8640667432139446
5,"mut1, mut12, mut13, mut4, mut14",0.19999999999999998,0.747060078104662,0.4434681090488349,0.4544547407979811
5,"mut1, mut12, mut13, mut4, mut15",0.19999999999999998,0.747060078104662,0.42986428741078003,0.47003686915178466
5,"mut1, mut2, mut12, mut13, mut4",0.19999999999999998,0.747060078104662,0.4213187413056076,0.4798827810164513
5,"mut1, mut5, mut13, mut3, mut15",0.19999999999999998,0.747060078104662,0.31614684670877585,0.6042790475004263
5,"mut1, mut12, mut6, mut13, mut4",0.19999999999999998,0.747060078104662,0.313174472464499,0.6078713514506808
5,"mut1, mut5, mut13, mut3, mut14",0.19999999999999998,0.747060078104662,0.24534979963369377,0.6907739818254418
5,"mut1, mut12, mut6, mut4, mut15",0.19999999999999998,0.747060078104662,0.1904834968482926,0.7589436319789272
5,"mut1, mut2, mut5, mut13, mut3",0.19999999999999998,0.747060078104662,0.18960020832143834,0.7600477744099335
5,"mut1, mut12, mut5, mut6, mut4",0.19999999999999998,0.747060078104662,0.06188777592608386,0.9212523659314386
5,"mut1, mut12, mut5, mut3, mut4",0.19999999999999998,0.747060078104662,-0.03711835289279264,0.9527502998845088
7,"mut1, mut5, mut6, mut13, mut3, mut14, mut15",0.1785714285714286,0.7016579425162729,0.21889245894497114,0.6372347523917214
7,"mut1, mut2, mut5, mut6, mut13, mut3, mut15",0.1785714285714286,0.7016579425162729,0.17595289531381514,0.7058954313116925
7,"mut1, mut2, mut6, mut13, mut4, mut14, mut15",0.14285714285714288,0.7599453002180929,0.4291118072776175,0.3366919820440487
7,"mut1, mut2, mut12, mut6, mut13, mut14, mut15",0.14285714285714288,0.7599453002180929,0.38745497613932633,0.3904756453818495
6,"mut1, mut12, mut6, mut13, mut4, mut15",0.14285714285714288,0.7871720116618075,0.3337034978119279,0.5180250344166232
6,"mut1, mut5, mut6, mut3, mut14, mut15",0.14285714285714288,0.7871720116618075,0.2630210904499884,0.6145662762085016
6,"mut1, mut2, mut5, mut6, mut3, mut15",0.14285714285714288,0.7871720116618075,0.20647558434395138,0.6946878742734515
6,"mut1, mut12, mut5, mut6, mut13, mut3",0.14285714285714288,0.7871720116618075,0.16051965106184915,0.7612885428870981
6,"mut1, mut5, mut6, mut13, mut3, mut4",0.14285714285714288,0.7871720116618075,0.15698626769557641,0.7664550372696861
6,"mut1, mut12, mut5, mut6, mut13, mut14",0.14285714285714288,0.7871720116618075,0.1474367844504315,0.7804472846459363
6,"mut1, mut5, mut6, mut13, mut4, mut14",0.14285714285714288,0.7871720116618075,0.14441001257825073,0.7848907625101492
6,"mut1, mut12, mut5, mut6, mut3, mut15",0.14285714285714288,0.7871720116618075,0.1328524049071814,0.8018937992691951
6,"mut1, mut5, mut6, mut3, mut4, mut15",0.14285714285714288,0.7871720116618075,0.13166658037442974,0.8036414211758808
6,"mut1, mut2, mut12, mut5, mut6, mut13",0.14285714285714288,0.7871720116618075,0.11740699586967793,0.824698698849691
6,"mut1, mut2, mut5, mut6, mut13, mut4",0.14285714285714288,0.7871720116618075,0.11518496015883188,0.8279866723133367
7,"mut1, mut2, mut6, mut13, mut3, mut14, mut15",0.14285714285714288,0.7599453002180929,0.10689714312511801,0.8195608468161935
7,"mut1, mut2, mut5, mut6, mut13, mut3, mut14",0.10714285714285716,0.8191508555699912,0.13303518983806256,0.7761456961801919
7,"mut1, mut12, mut5, mut6, mut13, mut14, mut15",0.10714285714285716,0.8191508555699912,0.13045481590765554,0.7804127188982356
7,"mut1, mut5, mut6, mut13, mut4, mut14, mut15",0.10714285714285716,0.8191508555699912,0.127915563186408,0.7846160238737957
7,"mut1, mut2, mut12, mut5, mut6, mut13, mut15",0.10714285714285716,0.8191508555699912,0.10361380056734752,0.8250424431798835
7,"mut1, mut2, mut5, mut6, mut13, mut4, mut15",0.10714285714285716,0.8191508555699912,0.1017074772070783,0.828227690163559
5,"mut1, mut2, mut12, mut4, mut14",0.09999999999999999,0.8728885715695383,0.6774461003925831,0.20893898601952646
5,"mut1, mut2, mut6, mut14, mut15",0.09999999999999999,0.8728885715695383,0.5447865345275347,0.3423852874951579
5,"mut1, mut12, mut4, mut14, mut15",0.09999999999999999,0.8728885715695383,0.44213725498739337,0.45597405809599867
5,"mut1, mut6, mut4, mut14, mut15",0.09999999999999999,0.8728885715695383,0.4272481292424752,0.47304647315411913
5,"mut1, mut2, mut12, mut4, mut15",0.09999999999999999,0.8728885715695383,0.4245802688347659,0.4761197956009331
5,"mut1, mut2, mut6, mut4, mut15",0.09999999999999999,0.8728885715695383,0.3459204297250425,0.5685091544237603
5,"mut1, mut12, mut6, mut14, mut15",0.09999999999999999,0.8728885715695383,0.32269437577978266,0.5963792197818221
5,"mut1, mut2, mut12, mut6, mut15",0.09999999999999999,0.8728885715695383,0.24870291209722353,0.6866369800092558
5,"mut1, mut5, mut3, mut14, mut15",0.09999999999999999,0.8728885715695383,0.22952478420401543,0.7103465832738728
5,"mut1, mut2, mut5, mut6, mut14",0.09999999999999999,0.8728885715695383,0.2113607552993635,0.7329044703565424
5,"mut1, mut2, mut5, mut3, mut15",0.09999999999999999,0.8728885715695383,0.17103739135805113,0.7832949121497059
5,"mut1, mut12, mut6, mut4, mut14",0.09999999999999999,0.8728885715695383,0.16003018094298224,0.7971163072467754
5,"mut1, mut12, mut5, mut6, mut14",0.09999999999999999,0.8728885715695383,0.14545169538118355,0.8154602407542473
5,"mut1, mut5, mut6, mut4, mut14",0.09999999999999999,0.8728885715695383,0.1444568867721311,0.816713492664893
5,"mut1, mut12, mut5, mut13, mut15",0.09999999999999999,0.8728885715695383,0.13496001911986052,0.8286866453064622
5,"mut1, mut5, mut13, mut4, mut15",0.09999999999999999,0.8728885715695383,0.1260999595666968,0.8398710696643946
5,"mut2, mut6, mut13, mut14, mut15",0.09999999999999999,0.8728885715695383,0.11909452041746864,0.8487233681958308
5,"mut1, mut12, mut5, mut13, mut3",0.09999999999999999,0.8728885715695383,0.11698155177485227,0.8513948751239119
5,"mut1, mut2, mut12, mut6, mut4",0.09999999999999999,0.8728885715695383,0.11470437547046287,0.8542747453748859
5,"mut1, mut2, mut5, mut3, mut14",0.09999999999999999,0.8728885715695383,0.11406059779933171,0.8550890487927463
5,"mut1, mut2, mut5, mut6, mut4",0.09999999999999999,0.8728885715695383,0.1102463806844763,0.8599148182417906
5,"mut1, mut5, mut13, mut3, mut4",0.09999999999999999,0.8728885715695383,0.10996430622814508,0.8602717829433024
5,"mut1, mut2, mut12, mut5, mut6",0.09999999999999999,0.8728885715695383,0.10991704717933908,0.8603315902789485
5,"mut1, mut12, mut5, mut13, mut14",0.09999999999999999,0.8728885715695383,0.10370352845072092,0.8681976178665022
5,"mut1, mut6, mut3, mut14, mut15",0.09999999999999999,0.8728885715695383,0.1031125630452679,0.8689460245590437
5,"mut1, mut6, mut13, mut3, mut4",0.09999999999999999,0.8728885715695383,0.09845250157718123,0.8748491837472077
5,"mut1, mut5, mut13, mut4, mut14",0.09999999999999999,0.8728885715695383,0.09659023542447191,0.8772089922449346
5,"mut1, mut12, mut5, mut3, mut15",0.09999999999999999,0.8728885715695383,0.09584612106937371,0.8781520321967339
5,"mut1, mut5, mut3, mut4, mut15",0.09999999999999999,0.8728885715695383,0.09168755553250545,0.8834235502883949
5,"mut1, mut13, mut3, mut4, mut15",0.09999999999999999,0.8728885715695383,0.07682305823677918,0.9022821426347739
5,"mut1, mut2, mut12, mut5, mut13",0.09999999999999999,0.8728885715695383,0.07367816963934061,0.9062749842097964
5,"mut1, mut2, mut5, mut13, mut4",0.09999999999999999,0.8728885715695383,0.06735697180025911,0.9143033335797897
5,"mut1, mut12, mut6, mut13, mut3",0.09999999999999999,0.8728885715695383,0.06500955059363177,0.9172856093421465
5,"mut1, mut12, mut13, mut3, mut15",0.09999999999999999,0.8728885715695383,0.05510915210218777,0.9298683809552332
5,"mut1, mut12, mut5, mut3, mut14",0.09999999999999999,0.8728885715695383,0.04856470664300243,0.938189810060078
5,"mut1, mut5, mut3, mut4, mut14",0.09999999999999999,0.8728885715695383,0.04684652793519004,0.9403749720890332
5,"mut1, mut12, mut5, mut13, mut4",0.09999999999999999,0.8728885715695383,0.024965993270865457,0.9682156126182826
5,"mut1, mut13, mut3, mut4, mut14",0.09999999999999999,0.8728885715695383,0.01889479252614376,0.9759438345227041
5,"mut1, mut2, mut6, mut3, mut15",0.09999999999999999,0.8728885715695383,0.01472324255066311,0.9812544626613791
5,"mut1, mut2, mut12, mut5, mut3",0.09999999999999999,0.8728885715695383,0.012037599911653407,0.9846736219275348
5,"mut1, mut2, mut5, mut3, mut4",0.09999999999999999,0.8728885715695383,0.011379369122721212,0.9855116499344774
5,"mut1, mut12, mut5, mut4, mut15",0.09999999999999999,0.8728885715695383,0.00968948189113065,0.9876631615368148
5,"mut1, mut12, mut13, mut3, mut14",0.09999999999999999,0.8728885715695383,-0.0036055171301582947,0.9954093229569818
5,"mut1, mut12, mut5, mut4, mut14",0.09999999999999999,0.8728885715695383,-0.009956468760479802,0.9873232396987036
5,"mut1, mut2, mut13, mut3, mut4",0.09999999999999999,0.8728885715695383,-0.023287436406855266,0.9703521952221907
5,"mut1, mut2, mut12, mut5, mut4",0.09999999999999999,0.8728885715695383,-0.029865209780004547,0.9619800873481149
5,"mut1, mut2, mut12, mut13, mut3",0.09999999999999999,0.8728885715695383,-0.04465394645691256,0.9431637298287082
5,"mut1, mut6, mut3, mut4, mut15",0.09999999999999999,0.8728885715695383,-0.05611127959910885,0.9285944071112764
5,"mut1, mut12, mut13, mut3, mut4",0.09999999999999999,0.8728885715695383,-0.08823884823207886,0.8877967733652702
5,"mut1, mut12, mut6, mut3, mut15",0.09999999999999999,0.8728885715695383,-0.10426903781431647,0.8674814924616018
5,"mut1, mut12, mut3, mut4, mut15",0.09999999999999999,0.8728885715695383,-0.21118233673742257,0.7331265121183389
5,"mut1, mut12, mut3, mut4, mut14",0.09999999999999999,0.8728885715695383,-0.25538360598370263,0.678405485785898
5,"mut1, mut12, mut6, mut3, mut4",0.09999999999999999,0.8728885715695383,-0.2645983956101893,0.6670763704489703
5,"mut1, mut2, mut12, mut3, mut4",0.09999999999999999,0.8728885715695383,-0.2793996696521164,0.6489415206162209
6,"mut1, mut12, mut13, mut4, mut14, mut15",0.08571428571428573,0.8717434402332361,0.4271619236919589,0.3982286578348815
6,"mut1, mut2, mut12, mut13, mut4, mut14",0.08571428571428573,0.8717434402332361,0.42454611430600325,0.40144079767181723
6,"mut1, mut2, mut12, mut13, mut4, mut15",0.08571428571428573,0.8717434402332361,0.39860587993094654,0.4337577560746819
6,"mut1, mut12, mut6, mut13, mut4, mut14",0.08571428571428573,0.8717434402332361,0.3118994568140125,0.5473218025956081
6,"mut1, mut2, mut12, mut6, mut13, mut4",0.08571428571428573,0.8717434402332361,0.27680431161799024,0.595397992519606
6,"mut1, mut5, mut13, mut3, mut14, mut15",0.08571428571428573,0.8717434402332361,0.17569241472417402,0.7391729992336302
6,"mut1, mut2, mut5, mut13, mut3, mut15",0.08571428571428573,0.8717434402332361,0.1316576676769059,0.8036545584708866
6,"mut1, mut6, mut13, mut3, mut4, mut15",0.08571428571428573,0.8717434402332361,0.09979884839569592,0.8507987161976172
6,"mut1, mut2, mut5, mut13, mut3, mut14",0.08571428571428573,0.8717434402332361,0.09006489919493466,0.8652679403015604
6,"mut1, mut12, mut6, mut13, mut3, mut15",0.08571428571428573,0.8717434402332361,0.07279962716370239,0.8909934704665026
6,"mut1, mut12, mut5, mut6, mut13, mut4",0.08571428571428573,0.8717434402332361,0.07243261682881082,0.891541083038719
6,"mut1, mut12, mut5, mut6, mut4, mut15",0.08571428571428573,0.8717434402332361,0.04871917295428121,0.9269790594553908
6,"mut1, mut12, mut5, mut6, mut3, mut4",0.08571428571428573,0.8717434402332361,0.002405376992789288,0.9963919414693774
7,"mut1, mut12, mut5, mut6, mut13, mut3, mut15",0.07142857142857144,0.8790481931481541,0.11701569682511877,0.8027052238901538
7,"mut1, mut5, mut6, mut13, mut3, mut4, mut15",0.07142857142857144,0.8790481931481541,0.11484035779332238,0.8063239962342362
8,"mut1, mut2, mut5, mut6, mut13, mut3, mut14, mut15",0.04761904761904763,0.9108491685195836,0.1023505001234663,0.8094288321452003
7,"mut1, mut12, mut6, mut13, mut4, mut14, mut15",0.03571428571428572,0.9394082054712856,0.32462614892327,0.47747075154298374
7,"mut1, mut2, mut12, mut6, mut13, mut4, mut15",0.03571428571428572,0.9394082054712856,0.28794023751329123,0.5311869440707657
7,"mut1, mut2, mut12, mut5, mut6, mut13, mut14",0.03571428571428572,0.9394082054712856,0.07978981238915729,0.8649753779544378
7,"mut1, mut2, mut5, mut6, mut13, mut4, mut14",0.03571428571428572,0.9394082054712856,0.07890757595429068,0.8664589861314816
7,"mut1, mut12, mut5, mut6, mut13, mut4, mut15",0.03571428571428572,0.9394082054712856,0.062360450986937294,0.8943393382123711
6,"mut1, mut2, mut5, mut6, mut14, mut15",0.028571428571428574,0.9571545189504373,0.17801745838173993,0.7357945182358234
6,"mut1, mut2, mut5, mut6, mut3, mut14",0.028571428571428574,0.9571545189504373,0.1491024533219521,0.7780037087129195
6,"mut1, mut12, mut5, mut6, mut14, mut15",0.028571428571428574,0.9571545189504373,0.12168409567177087,0.8183747458591334
6,"mut1, mut5, mut6, mut4, mut14, mut15",0.028571428571428574,0.9571545189504373,0.12120657357207718,0.8190804645568794
6,"mut1, mut2, mut5, mut6, mut4, mut15",0.028571428571428574,0.9571545189504373,0.0917853446617601,0.8627086080968545
6,"mut1, mut2, mut12, mut5, mut6, mut15",0.028571428571428574,0.9571545189504373,0.09134213876118592,0.8633678432334125
6,"mut1, mut12, mut5, mut13, mut14, mut15",0.028571428571428574,0.9571545189504373,0.08947804768101553,0.8661411234653225
6,"mut1, mut5, mut6, mut3, mut4, mut14",0.028571428571428574,0.9571545189504373,0.08564223453635347,0.8718507236340203
6,"mut1, mut12, mut5, mut6, mut3, mut14",0.028571428571428574,0.9571545189504373,0.08448026583562569,0.8735810654981182
6,"mut1, mut5, mut13, mut4, mut14, mut15",0.028571428571428574,0.9571545189504373,0.08346641080891656,0.8750911240770614
6,"mut1, mut2, mut12, mut5, mut13, mut15",0.028571428571428574,0.9571545189504373,0.06266201551857717,0.9061299988072864
6,"mut1, mut2, mut5, mut13, mut4, mut15",0.028571428571428574,0.9571545189504373,0.057295795496594124,0.9141503523082224
6,"mut1, mut2, mut5, mut6, mut3, mut4",0.028571428571428574,0.9571545189504373,0.05077865121591345,0.9238974888265655
6,"mut1, mut2, mut12, mut5, mut6, mut3",0.028571428571428574,0.9571545189504373,0.048513734047832234,0.9272864894633464
6,"mut1, mut2, mut12, mut5, mut13, mut14",0.028571428571428574,0.9571545189504373,0.0423700847407084,0.9364829047871561
6,"mut1, mut2, mut5, mut13, mut4, mut14",0.028571428571428574,0.9571545189504373,0.03815822249876951,0.9427904463907169
6,"mut1, mut6, mut13, mut3, mut4, mut14",0.028571428571428574,0.9571545189504373,0.03339796355585663,0.9499216811107596
6,"mut1, mut13, mut3, mut4, mut14, mut15",0.028571428571428574,0.9571545189504373,0.025304840216338872,0.9620508414621418
6,"mut1, mut12, mut13, mut3, mut14, mut15",0.028571428571428574,0.9571545189504373,0.007126779068626746,0.9893100123851061
6,"mut1, mut12, mut6, mut13, mut3, mut14",0.028571428571428574,0.9571545189504373,0.006037060111306929,0.9909445198466722
6,"mut1, mut2, mut6, mut13, mut3, mut4",0.028571428571428574,0.9571545189504373,-0.011948305055504106,0.9820783952986695
6,"mut1, mut2, mut13, mut3, mut4, mut15",0.028571428571428574,0.9571545189504373,-0.014333113405721533,0.9785018021754961
6,"mut1, mut2, mut12, mut13, mut3, mut15",0.028571428571428574,0.9571545189504373,-0.03144560466013471,0.9528471401263591
6,"mut1, mut2, mut12, mut6, mut13, mut3",0.028571428571428574,0.9571545189504373,-0.038035956264573755,0.9429735795581242
6,"mut1, mut2, mut13, mut3, mut4, mut14",0.028571428571428574,0.9571545189504373,-0.05154169240157555,0.9227559228374614
6,"mut1, mut2, mut12, mut13, mut3, mut14",0.028571428571428574,0.9571545189504373,-0.0698243601701827,0.8954336720284495
5,"mut1, mut2, mut4, mut14, mut15",0.0,1.0,0.5906317055491961,0.2943410123481879
5,"mut1, mut2, mut12, mut14, mut15",0.0,1.0,0.4995404715223516,0.3915089991948348
7,"mut1, mut2, mut12, mut13, mut4, mut14, mut15",0.0,1.0,0.39865401448346716,0.375694785042244
5,"mut1, mut2, mut6, mut4, mut14",0.0,1.0,0.333039104789802,0.583936029405163
7,"mut1, mut2, mut12, mut6, mut13, mut4, mut14",0.0,1.0,0.279357943340829,0.544034084905805
5,"mut1, mut2, mut12, mut6, mut14",0.0,1.0,0.20438254415552934,0.7415953039526159
5,"mut1, mut2, mut5, mut14, mut15",0.0,1.0,0.14194817727907344,0.8198747587284584
5,"mut1, mut12, mut5, mut14, mut15",0.0,1.0,0.08542614134538784,0.8913644951614814
5,"mut1, mut5, mut4, mut14, mut15",0.0,1.0,0.08145595541171217,0.896401861320232
7,"mut1, mut12, mut5, mut6, mut13, mut3, mut14",0.0,1.0,0.07988190831058518,0.8648205234555598
7,"mut1, mut5, mut6, mut13, mut3, mut4, mut14",0.0,1.0,0.07908243634385159,0.8661649082069183
8,"mut1, mut2, mut12, mut5, mut6, mut13, mut14, mut15",0.0,1.0,0.07235844609848818,0.8648007326692311
8,"mut1, mut2, mut5, mut6, mut13, mut4, mut14, mut15",0.0,1.0,0.07151627953108468,0.8663634938424192
7,"mut1, mut2, mut5, mut13, mut3, mut14, mut15",0.0,1.0,0.059421060527961526,0.8993016704467093
5,"mut1, mut2, mut12, mut5, mut15",0.0,1.0,0.05526773249157801,0.9296667778535187
5,"mut1, mut2, mut5, mut4, mut15",0.0,1.0,0.052212182019159906,0.9335516021906216
7,"mut1, mut2, mut12, mut5, mut6, mut13, mut3",0.0,1.0,0.04980570675238794,0.9155520382990512
7,"mut1, mut2, mut5, mut6, mut13, mut3, mut4",0.0,1.0,0.049644959815394005,0.9158239192654251
7,"mut1, mut6, mut13, mut3, mut4, mut14, mut15",0.0,1.0,0.04297928341225578,0.9271034738052573
5,"mut1, mut2, mut12, mut5, mut14",0.0,1.0,0.029824017105885947,0.9620325121267443
5,"mut1, mut2, mut5, mut4, mut14",0.0,1.0,0.02832329504729748,0.963942482878045
7,"mut1, mut12, mut6, mut13, mut3, mut14, mut15",0.0,1.0,0.020235730001827976,0.9656537909261297
7,"mut1, mut2, mut6, mut13, mut3, mut4, mut15",0.0,1.0,0.000627904626019433,0.9989340362099087
7,"mut1, mut2, mut12, mut6, mut13, mut3, mut15",0.0,1.0,-0.020906249788281223,0.9645162037104293
5,"mut1, mut2, mut3, mut14, mut15",0.0,1.0,-0.053938144011508836,0.9313571368238807
5,"mut5, mut6, mut13, mut14, mut15",0.0,1.0,-0.07752778592975722,0.9013875316190013
5,"mut1, mut2, mut6, mut3, mut14",0.0,1.0,-0.09699240328424512,0.8766993404837676
5,"mut1, mut3, mut4, mut14, mut15",0.0,1.0,-0.10728538173385054,0.8636625115079574
5,"mut2, mut5, mut6, mut13, mut15",0.0,1.0,-0.13331044563117128,0.8307679669049136
5,"mut1, mut12, mut3, mut14, mut15",0.0,1.0,-0.1412698036010684,0.8207297867905331
5,"mut1, mut6, mut3, mut4, mut14",0.0,1.0,-0.14538978580121267,0.8155382285546731
5,"mut1, mut2, mut3, mut4, mut15",0.0,1.0,-0.14792969612792944,0.8123392835006472
5,"mut1, mut2, mut12, mut3, mut15",0.0,1.0,-0.1806266124838829,0.7712758054165171
5,"mut1, mut2, mut6, mut3, mut4",0.0,1.0,-0.19317605898880688,0.7555790257048602
5,"mut1, mut12, mut6, mut3, mut14",0.0,1.0,-0.19612331469951857,0.7518982405435946
5,"mut1, mut2, mut3, mut4, mut14",0.0,1.0,-0.19953652764601734,0.7476382946551855
5,"mut1, mut2, mut12, mut3, mut14",0.0,1.0,-0.2350153950337952,0.7035469207997879
5,"mut1, mut2, mut12, mut6, mut3",0.0,1.0,-0.24200413006706467,0.6949054117867327
6,"mut1, mut12, mut6, mut4, mut14, mut15",-0.028571428571428574,0.9571545189504373,0.21338510477461942,0.6847803964780743
6,"mut1, mut2, mut12, mut6, mut4, mut15",-0.028571428571428574,0.9571545189504373,0.17075209678398737,0.7463611026729575
6,"mut1, mut12, mut5, mut13, mut3, mut15",-0.028571428571428574,0.9571545189504373,0.07192175038369047,0.8923033906164926
6,"mut1, mut5, mut13, mut3, mut4, mut15",-0.028571428571428574,0.9571545189504373,0.06682885992842048,0.8999059421767277
6,"mut1, mut12, mut5, mut13, mut3, mut14",-0.028571428571428574,0.9571545189504373,0.036529298243389394,0.9452304247933023
6,"mut1, mut5, mut13, mut3, mut4, mut14",-0.028571428571428574,0.9571545189504373,0.032915683019263474,0.95064430659093
6,"mut1, mut12, mut5, mut6, mut4, mut14",-0.028571428571428574,0.9571545189504373,0.02491227149591523,0.9626393232989281
6,"mut1, mut12, mut5, mut13, mut4, mut15",-0.028571428571428574,0.9571545189504373,0.01818038868763905,0.9727324215189608
6,"mut1, mut2, mut12, mut5, mut13, mut3",-0.028571428571428574,0.9571545189504373,0.006200890362641075,0.990698783671384
6,"mut1, mut2, mut12, mut5, mut6, mut4",-0.028571428571428574,0.9571545189504373,0.004267117205473488,0.9935993630402419
6,"mut1, mut2, mut5, mut13, mut3, mut4",-0.028571428571428574,0.9571545189504373,0.0032031372008735405,0.9951953106309241
6,"mut1, mut12, mut5, mut13, mut4, mut14",-0.028571428571428574,0.9571545189504373,0.0023748556148591093,0.996437723274732
6,"mut1, mut2, mut12, mut5, mut13, mut4",-0.028571428571428574,0.9571545189504373,-0.016437369729882925,0.9753461659879994
6,"mut1, mut12, mut5, mut13, mut3, mut4",-0.028571428571428574,0.9571545189504373,-0.03877065844064794,0.9418731516671857
6,"mut1, mut12, mut5, mut3, mut4, mut15",-0.028571428571428574,0.9571545189504373,-0.05923649924786159,0.911249180465617
6,"mut1, mut12, mut13, mut3, mut4, mut15",-0.028571428571428574,0.9571545189504373,-0.07672532257549544,0.8851378484969281
6,"mut1, mut12, mut6, mut13, mut3, mut4",-0.028571428571428574,0.9571545189504373,-0.08108858077544759,0.878633722058234
6,"mut1, mut12, mut5, mut3, mut4, mut14",-0.028571428571428574,0.9571545189504373,-0.08369025933215489,0.8747576967800306
6,"mut1, mut2, mut12, mut5, mut3, mut4",-0.028571428571428574,0.9571545189504373,-0.10473213463340222,0.8434761920177036
6,"mut1, mut12, mut13, mut3, mut4, mut14",-0.028571428571428574,0.9571545189504373,-0.10710538673530964,0.8399562530392911
6,"mut1, mut2, mut12, mut13, mut3, mut4",-0.028571428571428574,0.9571545189504373,-0.131387117128723,0.8040533642589165
6,"mut1, mut12, mut6, mut3, mut4, mut15",-0.028571428571428574,0.9571545189504373,-0.21420668821784322,0.6836043516312127
7,"mut1, mut12, mut5, mut6, mut13, mut4, mut14",-0.03571428571428572,0.9394082054712856,0.04269723055073753,0.9275809841576631
7,"mut1, mut2, mut12, mut5, mut13, mut14, mut15",-0.03571428571428572,0.9394082054712856,0.03688648048276173,0.9374221582193175
7,"mut1, mut2, mut5, mut13, mut4, mut14, mut15",-0.03571428571428572,0.9394082054712856,0.0331632715038925,0.9437312358975259
7,"mut1, mut2, mut12, mut5, mut6, mut13, mut4",-0.03571428571428572,0.9394082054712856,0.023404026608369204,0.9602789710736471
7,"mut1, mut12, mut5, mut6, mut13, mut3, mut4",-0.03571428571428572,0.9394082054712856,0.007532241147869741,0.987213233013688
7,"mut1, mut12, mut5, mut6, mut3, mut4, mut15",-0.03571428571428572,0.9394082054712856,-0.01900019810686491,0.9677500838502288
7,"mut1, mut2, mut13, mut3, mut4, mut14, mut15",-0.03571428571428572,0.9394082054712856,-0.041439389437070866,0.9297106950382328
7,"mut1, mut2, mut6, mut13, mut3, mut4, mut14",-0.03571428571428572,0.9394082054712856,-0.04486444867980759,0.92391237565459
7,"mut1, mut2, mut12, mut13, mut3, mut14, mut15",-0.03571428571428572,0.9394082054712856,-0.05650629679590092,0.9042250051325833
7,"mut1, mut2, mut12, mut6, mut13, mut3, mut14",-0.03571428571428572,0.9394082054712856,-0.067163289899679,0.8862370503985729
8,"mut1, mut2, mut12, mut6, mut13, mut4, mut14, mut15",-0.04761904761904763,0.9108491685195836,0.2846726815536938,0.49437447550576263
8,"mut1, mut12, mut5, mut6, mut13, mut3, mut14, mut15",-0.04761904761904763,0.9108491685195836,0.05542231333569428,0.8962957626514336
8,"mut1, mut5, mut6, mut13, mut3, mut4, mut14, mut15",-0.04761904761904763,0.9108491685195836,0.05503458021494764,0.8970183340372757
8,"mut1, mut2, mut5, mut6, mut13, mut3, mut4, mut15",-0.04761904761904763,0.9108491685195836,0.029053687117879673,0.9455549847702258
8,"mut1, mut2, mut12, mut5, mut6, mut13, mut3, mut15",-0.04761904761904763,0.9108491685195836,0.028971630010851568,0.945708582941168
7,"mut1, mut2, mut5, mut6, mut3, mut14, mut15",-0.07142857142857144,0.8790481931481541,0.10503463018623237,0.8226696390481416
7,"mut1, mut5, mut6, mut3, mut4, mut14, mut15",-0.07142857142857144,0.8790481931481541,0.05263758372777198,0.9107634070341253
7,"mut1, mut12, mut5, mut6, mut3, mut14, mut15",-0.07142857142857144,0.8790481931481541,0.05093958363206818,0.9136344312643139
8,"mut1, mut12, mut5, mut6, mut13, mut4, mut14, mut15",-0.07142857142857144,0.8665262706759088,0.037304551822524,0.9301188308883519
7,"mut1, mut2, mut5, mut6, mut3, mut4, mut15",-0.07142857142857144,0.8790481931481541,0.02317837553188089,0.9606617365611084
7,"mut1, mut2, mut12, mut5, mut6, mut3, mut15",-0.07142857142857144,0.8790481931481541,0.020777015426227625,0.9647354558434159
8,"mut1, mut2, mut12, mut5, mut6, mut13, mut4, mut15",-0.07142857142857144,0.8665262706759088,0.01919313549401276,0.9640217078459261
8,"mut1, mut2, mut6, mut13, mut3, mut4, mut14, mut15",-0.07142857142857144,0.8665262706759088,-0.03106154562979333,0.9417970520869033
8,"mut1, mut2, mut12, mut6, mut13, mut3, mut14, mut15",-0.07142857142857144,0.8665262706759088,-0.049893744657591554,0.9066043687909922
7,"mut1, mut12, mut6, mut13, mut3, mut4, mut15",-0.07142857142857144,0.8790481931481541,-0.0652426648425067,0.8894761910702049
6,"mut1, mut2, mut12, mut4, mut14, mut15",-0.08571428571428573,0.8717434402332361,0.43419336773571254,0.3896378577014819
6,"mut1, mut2, mut6, mut4, mut14, mut15",-0.08571428571428573,0.8717434402332361,0.3568450172265953,0.4874525049215422
6,"mut1, mut2, mut12, mut6, mut14, mut15",-0.08571428571428573,0.8717434402332361,0.2709726755797734,0.6034892323347134
6,"mut1, mut2, mut12, mut6, mut4, mut14",-0.08571428571428573,0.8717434402332361,0.16721606821005336,0.7515136797741394
6,"mut1, mut2, mut5, mut3, mut14, mut15",-0.08571428571428573,0.8717434402332361,0.06725808384138372,0.8992650002480962
6,"mut1, mut2, mut5, mut6, mut4, mut14",-0.08571428571428573,0.8717434402332361,0.06399593581032365,0.9041371433157188
6,"mut1, mut2, mut12, mut5, mut6, mut14",-0.08571428571428573,0.8717434402332361,0.0621309138808138,0.9069235496232133
6,"mut1, mut12, mut5, mut3, mut14, mut15",-0.08571428571428573,0.8717434402332361,0.01298192863870638,0.9805282009672157
6,"mut1, mut5, mut3, mut4, mut14, mut15",-0.08571428571428573,0.8717434402332361,0.012267047539514558,0.9816003516661779
6,"mut1, mut12, mut5, mut4, mut14, mut15",-0.08571428571428573,0.8717434402332361,-0.01484590362517277,0.977732780587163
6,"mut1, mut2, mut12, mut5, mut3, mut15",-0.08571428571428573,0.8717434402332361,-0.017291878458718112,0.97406476752609
6,"mut1, mut2, mut5, mut3, mut4, mut15",-0.08571428571428573,0.8717434402332361,-0.01732959245482517,0.9740082134840888
6,"mut1, mut2, mut12, mut5, mut4, mut15",-0.08571428571428573,0.8717434402332361,-0.03329805125282236,0.9500713828980369
6,"mut1, mut2, mut5, mut3, mut4, mut14",-0.08571428571428573,0.8717434402332361,-0.045743986013294366,0.9314318809057528
6,"mut1, mut2, mut12, mut5, mut4, mut14",-0.08571428571428573,0.8717434402332361,-0.046055809988072585,0.9309651303737984
6,"mut1, mut2, mut12, mut5, mut3, mut14",-0.08571428571428573,0.8717434402332361,-0.04701238032004369,0.9295333820529317
6,"mut1, mut2, mut6, mut3, mut14, mut15",-0.08571428571428573,0.8717434402332361,-0.049938427454050374,0.9251546282060987
6,"mut1, mut6, mut3, mut4, mut14, mut15",-0.08571428571428573,0.8717434402332361,-0.10290923213822274,0.8461810721308188
6,"mut1, mut12, mut6, mut3, mut14, mut15",-0.08571428571428573,0.8717434402332361,-0.14098778858337185,0.7899195634937188
6,"mut1, mut2, mut6, mut3, mut4, mut15",-0.08571428571428573,0.8717434402332361,-0.14689386847133068,0.7812440211817918
6,"mut1, mut2, mut12, mut6, mut3, mut15",-0.08571428571428573,0.8717434402332361,-0.18347139030629667,0.7278808986742015
6,"mut1, mut12, mut3, mut4, mut14, mut15",-0.08571428571428573,0.8717434402332361,-0.22069702473218855,0.6743292273949438
6,"mut1, mut2, mut12, mut3, mut4, mut15",-0.08571428571428573,0.8717434402332361,-0.2441978042483438,0.6409843646622548
6,"mut1, mut12, mut6, mut3, mut4, mut14",-0.08571428571428573,0.8717434402332361,-0.2675088616476674,0.608308307156923
6,"mut1, mut2, mut12, mut3, mut4, mut14",-0.08571428571428573,0.8717434402332361,-0.2762760323769933,0.5961298115528143
6,"mut1, mut2, mut12, mut6, mut3, mut4",-0.08571428571428573,0.8717434402332361,-0.2950455863496397,0.5702737596232699
8,"mut1, mut2, mut5, mut6, mut13, mut3, mut4, mut14",-0.09523809523809526,0.8225054302036114,0.0037335548482984593,0.9929996497137099
8,"mut1, mut2, mut12, mut5, mut6, mut13, mut3, mut14",-0.09523809523809526,0.8225054302036114,0.0027756719374272126,0.9947956418482136
8,"mut1, mut12, mut5, mut6, mut13, mut3, mut4, mut15",-0.09523809523809526,0.8225054302036114,-0.008992834284392154,0.9831393447698558
5,"mut5, mut6, mut13, mut3, mut15",-0.09999999999999999,0.8728885715695383,0.032988357570045174,0.9580055378696101
7,"mut1, mut12, mut5, mut6, mut4, mut14, mut15",-0.10714285714285716,0.8191508555699912,0.018835254434738997,0.9680299506184795
7,"mut1, mut12, mut5, mut13, mut3, mut14, mut15",-0.10714285714285716,0.8191508555699912,0.01239872335129568,0.9789528913554565
7,"mut1, mut5, mut13, mut3, mut4, mut14, mut15",-0.10714285714285716,0.8191508555699912,0.009605195275072396,0.9836944662512356
7,"mut1, mut2, mut12, mut5, mut6, mut4, mut15",-0.10714285714285716,0.8191508555699912,-0.00021410688836185455,0.9996365208655809
7,"mut1, mut12, mut5, mut13, mut4, mut14, mut15",-0.10714285714285716,0.8191508555699912,-0.0008379474679607397,0.9985774566959323
7,"mut1, mut2, mut12, mut5, mut13, mut3, mut15",-0.10714285714285716,0.8191508555699912,-0.014101826254588454,0.9760623765144671
7,"mut1, mut2, mut5, mut13, mut3, mut4, mut15",-0.10714285714285716,0.8191508555699912,-0.01643514041430463,0.9721026071604925
7,"mut1, mut2, mut12, mut5, mut13, mut4, mut15",-0.10714285714285716,0.8191508555699912,-0.018582129760498098,0.9684594428164911
7,"mut1, mut2, mut12, mut5, mut13, mut4, mut14",-0.10714285714285716,0.8191508555699912,-0.029201388486971153,0.9504473168386978
7,"mut1, mut2, mut12, mut5, mut13, mut3, mut14",-0.10714285714285716,0.8191508555699912,-0.03811412675106934,0.9353424362863837
7,"mut1, mut2, mut5, mut13, mut3, mut4, mut14",-0.10714285714285716,0.8191508555699912,-0.03948297254703386,0.9330238572327382
7,"mut1, mut12, mut5, mut6, mut3, mut4, mut14",-0.10714285714285716,0.8191508555699912,-0.04584363228198642,0.9222551885444018
7,"mut1, mut2, mut12, mut5, mut6, mut3, mut4",-0.10714285714285716,0.8191508555699912,-0.06713391537546472,0.886286581244566
7,"mut1, mut12, mut13, mut3, mut4, mut14, mut15",-0.10714285714285716,0.8191508555699912,-0.09592297543327699,0.8379042451488627
7,"mut1, mut12, mut6, mut13, mut3, mut4, mut14",-0.10714285714285716,0.8191508555699912,-0.10389486127072534,0.824572983589152
7,"mut1, mut2, mut12, mut13, mut3, mut4, mut15",-0.10714285714285716,0.8191508555699912,-0.1198911940400641,0.7979260140010681
7,"mut1, mut2, mut12, mut6, mut13, mut3, mut4",-0.10714285714285716,0.8191508555699912,-0.1311688610970543,0.7792314990151687
7,"mut1, mut2, mut12, mut13, mut3, mut4, mut14",-0.10714285714285716,0.8191508555699912,-0.14106682737841011,0.7628932189877939
8,"mut1, mut2, mut12, mut5, mut6, mut13, mut4, mut14",-0.11904761904761905,0.7788857260523797,0.0049101565743117775,0.9907936043997144
9,"mut1, mut2, mut5, mut6, mut13, mut3, mut4, mut14, mut15",-0.13333333333333333,0.7323675052362975,-0.008710427546406444,0.982256384609785
9,"mut1, mut2, mut12, mut5, mut6, mut13, mut3, mut14, mut15",-0.13333333333333333,0.7323675052362975,-0.0096474504668028,0.9803478995882572
7,"mut1, mut2, mut5, mut6, mut4, mut14, mut15",-0.14285714285714288,0.7599453002180929,0.055098613789378574,0.9066036078850777
7,"mut1, mut2, mut12, mut5, mut6, mut14, mut15",-0.14285714285714288,0.7599453002180929,0.05354047359489829,0.9092370893179904
6,"mut1, mut2, mut12, mut5, mut14, mut15",-0.14285714285714288,0.7871720116618075,0.02217711174430798,0.9667397860046051
6,"mut1, mut2, mut5, mut4, mut14, mut15",-0.14285714285714288,0.7871720116618075,0.02086711198577455,0.968703875171009
7,"mut1, mut2, mut5, mut6, mut3, mut4, mut14",-0.14285714285714288,0.7599453002180929,-0.007439435023976155,0.9873707723396081
7,"mut1, mut2, mut12, mut5, mut6, mut3, mut14",-0.14285714285714288,0.7599453002180929,-0.011062655537238878,0.9812206018495775
8,"mut1, mut12, mut5, mut6, mut13, mut3, mut4, mut14",-0.14285714285714288,0.735764859879812,-0.031365649403755566,0.941227968046467
8,"mut1, mut2, mut12, mut5, mut6, mut13, mut3, mut4",-0.14285714285714288,0.735764859879812,-0.050967953153901166,0.9046004602274096
7,"mut1, mut12, mut5, mut13, mut3, mut4, mut15",-0.14285714285714288,0.7599453002180929,-0.054196752872937196,0.9081278010906276
7,"mut1, mut12, mut5, mut13, mut3, mut4, mut14",-0.14285714285714288,0.7599453002180929,-0.07416605676732974,0.8744377912207193
8,"mut1, mut12, mut6, mut13, mut3, mut4, mut14, mut15",-0.14285714285714288,0.735764859879812,-0.08838597679326164,0.8351373687359364
7,"mut1, mut2, mut12, mut5, mut13, mut3, mut4",-0.14285714285714288,0.7599453002180929,-0.09354050983976843,0.8418945188848695
8,"mut1, mut2, mut12, mut6, mut13, mut3, mut4, mut15",-0.14285714285714288,0.735764859879812,-0.11487471350766698,0.7864972976702986
6,"mut1, mut2, mut3, mut4, mut14, mut15",-0.14285714285714288,0.7871720116618075,-0.16632310419953153,0.7528158729012363
6,"mut1, mut2, mut12, mut3, mut14, mut15",-0.14285714285714288,0.7871720116618075,-0.19352464160179822,0.7133369594165749
6,"mut1, mut2, mut6, mut3, mut4, mut14",-0.14285714285714288,0.7871720116618075,-0.2077523958929719,0.6928548127648541
6,"mut1, mut2, mut12, mut6, mut3, mut14",-0.14285714285714288,0.7871720116618075,-0.2464662193480553,0.6377865398297035
9,"mut1, mut2, mut12, mut5, mut6, mut13, mut4, mut14, mut15",-0.15,0.7000942309691419,0.002783772149372561,0.994328982567953
8,"mut1, mut2, mut12, mut5, mut13, mut4, mut14, mut15",-0.1666666666666667,0.693238811728395,-0.03009988365854757,0.9435967971059885
8,"mut1, mut2, mut12, mut5, mut13, mut3, mut14, mut15",-0.1666666666666667,0.693238811728395,-0.049817661764167076,0.9067463159312525
8,"mut1, mut2, mut5, mut13, mut3, mut4, mut14, mut15",-0.1666666666666667,0.693238811728395,-0.05089439416556356,0.9047376687177002
8,"mut1, mut2, mut12, mut13, mut3, mut4, mut14, mut15",-0.1666666666666667,0.693238811728395,-0.13083882493810672,0.7574625789990573
8,"mut1, mut2, mut12, mut6, mut13, mut3, mut4, mut14",-0.1666666666666667,0.693238811728395,-0.14374003992455353,0.7341767169337807
7,"mut1, mut2, mut12, mut6, mut4, mut14, mut15",-0.1785714285714286,0.7016579425162729,0.19039921485437883,0.682595131738586
7,"mut1, mut2, mut12, mut5, mut6, mut4, mut14",-0.1785714285714286,0.7016579425162729,-0.01697608575882009,0.9711846542592875
7,"mut1, mut12, mut5, mut3, mut4, mut14, mut15",-0.1785714285714286,0.7016579425162729,-0.09533146709627849,0.838894678258076
7,"mut1, mut2, mut12, mut5, mut3, mut4, mut15",-0.1785714285714286,0.7016579425162729,-0.11429823778084543,0.8072262667338208
7,"mut1, mut2, mut12, mut5, mut3, mut4, mut14",-0.1785714285714286,0.7016579425162729,-0.13142011546156265,0.7788159379615207
7,"mut1, mut12, mut6, mut3, mut4, mut14, mut15",-0.1785714285714286,0.7016579425162729,-0.2261404949697953,0.6258326423769157
7,"mut1, mut2, mut12, mut6, mut3, mut4, mut15",-0.1785714285714286,0.7016579425162729,-0.2526509810213214,0.5846436030713958
9,"mut1, mut12, mut5, mut6, mut13, mut3, mut4, mut14, mut15",-0.18333333333333335,0.6368198117628943,-0.04131085462966389,0.9159618115787297
9,"mut1, mut2, mut12, mut5, mut6, mut13, mut3, mut4, mut15",-0.18333333333333335,0.6368198117628943,-0.05940499028156583,0.879336474144041
8,"mut1, mut12, mut5, mut6, mut3, mut4, mut14, mut15",-0.19047619047619052,0.6514014957024814,-0.05749618235782655,0.892432011840486
8,"mut1, mut2, mut12, mut5, mut6, mut3, mut4, mut15",-0.19047619047619052,0.6514014957024814,-0.0767666225919905,0.8566270759912964
9,"mut1, mut2, mut12, mut6, mut13, mut3, mut4, mut14, mut15",-0.19999999999999998,0.6059012741795533,-0.12879516202400582,0.7412206291743078
5,"mut2, mut5, mut6, mut13, mut14",-0.19999999999999998,0.747060078104662,-0.17135832335604792,0.7828923214817776
6,"mut2, mut5, mut6, mut13, mut14, mut15",-0.2,0.704,-0.1849279901190433,0.7257701319529396
8,"mut1, mut2, mut5, mut6, mut3, mut4, mut14, mut15",-0.2142857142857143,0.6103444156452669,-0.022556495809190225,0.9577209139725885
8,"mut1, mut2, mut12, mut5, mut6, mut3, mut14, mut15",-0.2142857142857143,0.6103444156452669,-0.025856386478825044,0.951540878965331
8,"mut1, mut12, mut5, mut13, mut3, mut4, mut14, mut15",-0.2142857142857143,0.6103444156452669,-0.08309255052515008,0.84491710971533
8,"mut1, mut2, mut12, mut5, mut13, mut3, mut4, mut15",-0.2142857142857143,0.6103444156452669,-0.10094531065905973,0.8120093971958728
8,"mut1, mut2, mut12, mut5, mut13, mut3, mut4, mut14",-0.2142857142857143,0.6103444156452669,-0.11541907509350198,0.7855035062592511
7,"mut1, mut2, mut12, mut5, mut4, mut14, mut15",-0.21428571428571433,0.6445115810207203,-0.04736958543340364,0.9196730868413051
7,"mut1, mut2, mut5, mut3, mut4, mut14, mut15",-0.21428571428571433,0.6445115810207203,-0.06089793256481929,0.8968080540060065
7,"mut1, mut2, mut12, mut5, mut3, mut14, mut15",-0.21428571428571433,0.6445115810207203,-0.062191603339566685,0.8946243169555422
7,"mut1, mut2, mut6, mut3, mut4, mut14, mut15",-0.21428571428571433,0.6445115810207203,-0.16844912039255333,0.7180717519478683
7,"mut1, mut2, mut12, mut6, mut3, mut14, mut15",-0.21428571428571433,0.6445115810207203,-0.1989685791636337,0.6688666480795903
7,"mut1, mut2, mut12, mut3, mut4, mut14, mut15",-0.21428571428571433,0.6445115810207203,-0.24769971354975395,0.5922724673165686
7,"mut1, mut2, mut12, mut6, mut3, mut4, mut14",-0.21428571428571433,0.6445115810207203,-0.29335992701746666,0.5231271260750696
9,"mut1, mut2, mut12, mut5, mut6, mut13, mut3, mut4, mut14",-0.21666666666666667,0.5755148957119259,-0.07623738357417209,0.845440745169508
8,"mut1, mut2, mut12, mut5, mut6, mut4, mut14, mut15",-0.2380952380952381,0.5701563208157683,-0.018682317785199826,0.9649788041376038
8,"mut1, mut2, mut12, mut5, mut6, mut3, mut4, mut14",-0.2380952380952381,0.5701563208157683,-0.09634301514996965,0.8204715509398279
10,"mut1, mut2, mut12, mut5, mut6, mut13, mut3, mut4, mut14, mut15",-0.24848484848484845,0.48877630451924314,-0.08136040319664237,0.8231975603132109
9,"mut1, mut2, mut12, mut5, mut13, mut3, mut4, mut14, mut15",-0.26666666666666666,0.4879222748387009,-0.11978864870097237,0.7588678294106544
8,"mut1, mut2, mut12, mut5, mut3, mut4, mut14, mut15",-0.28571428571428575,0.4927262450169573,-0.1365844754463769,0.7470713168806915
8,"mut1, mut2, mut12, mut6, mut3, mut4, mut14, mut15",-0.28571428571428575,0.4927262450169573,-0.2577779233152183,0.53765106296411
5,"mut5, mut6, mut13, mut3, mut14",-0.3,0.6238376647810728,-0.04041535131737063,0.9485555886261331
5,"mut6, mut13, mut4, mut14, mut15",-0.3,0.6238376647810728,-0.06446699057257575,0.9179749690828075
5,"mut12, mut6, mut13, mut14, mut15",-0.3,0.6238376647810728,-0.0756089943042349,0.903823440540175
5,"mut2, mut5, mut6, mut13, mut3",-0.3,0.6238376647810728,-0.10065700270530717,0.8720562705417965
9,"mut1, mut2, mut12, mut5, mut6, mut3, mut4, mut14, mut15",-0.3,0.4328453267094823,-0.10157994923691549,0.794834171439582
5,"mut2, mut6, mut13, mut4, mut15",-0.3,0.6238376647810728,-0.12780697536086263,0.8377152159343537
5,"mut2, mut12, mut6, mut13, mut15",-0.3,0.6238376647810728,-0.1352281919773928,0.8283483271546775
5,"mut12, mut5, mut6, mut13, mut15",-0.3,0.6238376647810728,-0.20384039136744006,0.7422710620808066
5,"mut5, mut6, mut13, mut4, mut15",-0.3,0.6238376647810728,-0.21570008241451233,0.7275068984950497
5,"mut6, mut13, mut3, mut14, mut15",-0.3,0.6238376647810728,-0.3841252913718875,0.523225382459119
5,"mut2, mut6, mut13, mut3, mut15",-0.3,0.6238376647810728,-0.44535503164315093,0.45230252319512987
6,"mut5, mut6, mut13, mut3, mut14, mut15",-0.3142857142857143,0.5440932944606414,-0.10657298444988801,0.8407457407006227
6,"mut2, mut5, mut6, mut13, mut3, mut15",-0.3142857142857143,0.5440932944606414,-0.15329823461714276,0.7718539290614
6,"mut2, mut6, mut13, mut4, mut14, mut15",-0.3714285714285715,0.46847813411078715,-0.13830871290188987,0.7938598050824882
6,"mut2, mut12, mut6, mut13, mut14, mut15",-0.3714285714285715,0.46847813411078715,-0.14747883555939173,0.7803855795092215
6,"mut2, mut6, mut13, mut3, mut14, mut15",-0.3714285714285715,0.46847813411078715,-0.4983110111533762,0.3144022495558697
5,"mut2, mut6, mut13, mut4, mut14",-0.39999999999999997,0.5046315754686911,-0.13225255719797585,0.8321029854757916
5,"mut2, mut12, mut6, mut13, mut14",-0.39999999999999997,0.5046315754686911,-0.14695781412168826,0.8135631973963895
5,"mut2, mut13, mut4, mut14, mut15",-0.39999999999999997,0.5046315754686911,-0.31320229017671053,0.6078377147135733
5,"mut2, mut12, mut13, mut14, mut15",-0.39999999999999997,0.5046315754686911,-0.3167225844074016,0.6035836639049158
5,"mut2, mut6, mut13, mut3, mut14",-0.39999999999999997,0.5046315754686911,-0.496046724095079,0.3953670535414421
5,"mut2, mut13, mut3, mut14, mut15",-0.39999999999999997,0.5046315754686911,-0.7602574318068168,0.13573187619239632
5,"mut2, mut5, mut13, mut14, mut15",-0.39999999999999997,0.5046315754686911,-0.8358340163614585,0.07785099740101087
6,"mut2, mut5, mut6, mut13, mut3, mut14",-0.4285714285714286,0.3965014577259474,-0.19231870121381853,0.7150785443500702
6,"mut12, mut5, mut6, mut13, mut14, mut15",-0.4285714285714286,0.3965014577259474,-0.23986576071288732,0.6471017671423199
6,"mut5, mut6, mut13, mut4, mut14, mut15",-0.4285714285714286,0.3965014577259474,-0.2453670003129381,0.6393356553442765
6,"mut2, mut12, mut5, mut6, mut13, mut15",-0.4285714285714286,0.3965014577259474,-0.2701686765623075,0.6046069414639987
6,"mut2, mut5, mut6, mut13, mut4, mut15",-0.4285714285714286,0.3965014577259474,-0.27509874159998304,0.59776153012259
7,"mut2, mut5, mut6, mut13, mut3, mut14, mut15",-0.42857142857142866,0.337368311085824,-0.21922183750064633,0.636715343775878
6,"mut12, mut5, mut6, mut13, mut3, mut15",-0.48571428571428577,0.3287230320699709,-0.213644985630846,0.6844083466315841
6,"mut5, mut6, mut13, mut3, mut4, mut15",-0.48571428571428577,0.3287230320699709,-0.21955522940409733,0.6759589307854905
5,"mut5, mut6, mut3, mut14, mut15",-0.49999999999999994,0.39100221895577053,-0.0627755590906435,0.920124203332869
5,"mut2, mut5, mut6, mut3, mut15",-0.49999999999999994,0.39100221895577053,-0.12472199201044193,0.841611700449014
5,"mut12, mut5, mut6, mut13, mut3",-0.49999999999999994,0.39100221895577053,-0.17510724055342144,0.7781912222839361
5,"mut5, mut6, mut13, mut3, mut4",-0.49999999999999994,0.39100221895577053,-0.18464376996912543,0.7662470324315093
5,"mut12, mut5, mut6, mut3, mut15",-0.49999999999999994,0.39100221895577053,-0.19980576059097688,0.7473023995592871
5,"mut5, mut6, mut3, mut4, mut15",-0.49999999999999994,0.39100221895577053,-0.20143483507641516,0.7452703681939257
5,"mut12, mut6, mut13, mut4, mut15",-0.49999999999999994,0.39100221895577053,-0.22990147877585052,0.7098797867317037
5,"mut12, mut5, mut6, mut13, mut14",-0.49999999999999994,0.39100221895577053,-0.2326327245121689,0.706496532639316
5,"mut5, mut6, mut13, mut4, mut14",-0.49999999999999994,0.39100221895577053,-0.24156351038277465,0.6954497809701663
5,"mut2, mut12, mut5, mut6, mut13",-0.49999999999999994,0.39100221895577053,-0.26664138093246004,0.664568602332219
5,"mut2, mut5, mut6, mut13, mut4",-0.49999999999999994,0.39100221895577053,-0.27484146421602024,0.6545179018371521
7,"mut2, mut12, mut5, mut6, mut13, mut14, mut15",-0.5,0.2531699951003227,-0.28843911388008237,0.5304433123312061
7,"mut2, mut5, mut6, mut13, mut4, mut14, mut15",-0.5,0.2531699951003227,-0.2896195971206518,0.5286850635634396
6,"mut12, mut6, mut13, mut4, mut14, mut15",-0.5428571428571429,0.26570262390670557,-0.23265976488004483,0.657307355081697
6,"mut2, mut12, mut6, mut13, mut4, mut15",-0.5428571428571429,0.26570262390670557,-0.25867333290211897,0.6206441618533787
6,"mut2, mut12, mut5, mut6, mut13, mut14",-0.5428571428571429,0.26570262390670557,-0.28760794329326184,0.5804833093048057
6,"mut2, mut5, mut6, mut13, mut4, mut14",-0.5428571428571429,0.26570262390670557,-0.2908131413755762,0.5760776536115088
6,"mut12, mut5, mut6, mut13, mut4, mut15",-0.5428571428571429,0.26570262390670557,-0.3158358360478609,0.5419989175667959
7,"mut2, mut12, mut6, mut13, mut4, mut14, mut15",-0.5714285714285715,0.1802019889115274,-0.2586984670320389,0.5753671568528909
7,"mut12, mut5, mut6, mut13, mut3, mut14, mut15",-0.5714285714285715,0.1802019889115274,-0.2652834264665003,0.5653192289281935
7,"mut5, mut6, mut13, mut3, mut4, mut14, mut15",-0.5714285714285715,0.1802019889115274,-0.26728085286207176,0.5622824807260401
7,"mut2, mut12, mut5, mut6, mut13, mut3, mut15",-0.5714285714285715,0.1802019889115274,-0.2913709780655301,0.526080128681111
7,"mut2, mut5, mut6, mut13, mut3, mut4, mut15",-0.5714285714285715,0.1802019889115274,-0.29310694983740143,0.523502409668264
5,"mut12, mut6, mut13, mut4, mut14",-0.6,0.28475697986529375,-0.22373317326377617,0.7175288144806893
6,"mut2, mut12, mut6, mut13, mut4, mut14",-0.6,0.20799999999999982,-0.24487042342372492,0.6400357667826961
6,"mut12, mut5, mut6, mut13, mut3, mut14",-0.6,0.20799999999999982,-0.24517514905661453,0.6396061201748177
5,"mut2, mut12, mut6, mut13, mut4",-0.6,0.28475697986529375,-0.24527634874361062,0.6908646447801228
6,"mut5, mut6, mut13, mut3, mut4, mut14",-0.6,0.20799999999999982,-0.24898972529602356,0.6342335810325125
6,"mut2, mut12, mut5, mut6, mut13, mut3",-0.6,0.20799999999999982,-0.27513993352087585,0.5977044190061539
6,"mut2, mut5, mut6, mut13, mut3, mut4",-0.6,0.20799999999999982,-0.27853857859168013,0.5929971644103079
5,"mut2, mut12, mut13, mut4, mut14",-0.6,0.28475697986529375,-0.3147696601036193,0.6059430017097304
5,"mut12, mut5, mut6, mut13, mut4",-0.6,0.28475697986529375,-0.31911005692651345,0.6007015501410844
5,"mut12, mut5, mut6, mut3, mut4",-0.6,0.28475697986529375,-0.32022182365739754,0.599360278088356
5,"mut12, mut5, mut6, mut4, mut15",-0.6,0.28475697986529375,-0.326847899394616,0.591377465642608
5,"mut5, mut13, mut3, mut14, mut15",-0.6,0.28475697986529375,-0.3309660183762596,0.5864258459835469
5,"mut2, mut5, mut13, mut3, mut15",-0.6,0.28475697986529375,-0.37757693653767516,0.5309346343629262
5,"mut2, mut5, mut13, mut3, mut14",-0.6,0.28475697986529375,-0.408256845945648,0.49501540201527167
6,"mut2, mut5, mut13, mut3, mut14, mut15",-0.6,0.20799999999999982,-0.4212821931888641,0.40546101532065776
6,"mut2, mut12, mut13, mut4, mut14, mut15",-0.6,0.20799999999999982,-0.43155675382476794,0.39285169996872393
5,"mut12, mut13, mut4, mut14, mut15",-0.6,0.28475697986529375,-0.45974007492605673,0.43596998246459334
5,"mut2, mut12, mut13, mut4, mut15",-0.6,0.28475697986529375,-0.5037275016779147,0.3868971840172477
5,"mut12, mut6, mut13, mut3, mut15",-0.6,0.28475697986529375,-0.5198325650496146,0.36928083071924844
5,"mut6, mut13, mut3, mut4, mut15",-0.6,0.28475697986529375,-0.5277510430599753,0.36069245711831066
6,"mut12, mut6, mut13, mut3, mut14, mut15",-0.6,0.20799999999999982,-0.5537617837002637,0.25426343500883214
6,"mut6, mut13, mut3, mut4, mut14, mut15",-0.6,0.20799999999999982,-0.557215891710329,0.25068101816240684
6,"mut2, mut12, mut6, mut13, mut3, mut15",-0.6,0.20799999999999982,-0.5785816068154526,0.22896961744923558
6,"mut2, mut6, mut13, mut3, mut4, mut15",-0.6,0.20799999999999982,-0.5809807356975029,0.22658061296134466
7,"mut12, mut5, mut6, mut13, mut4, mut14, mut15",-0.6071428571428572,0.1482311614811614,-0.32461700315197206,0.4774838894959537
7,"mut2, mut12, mut5, mut6, mut13, mut4, mut15",-0.6071428571428572,0.1482311614811614,-0.3444971029418214,0.4492404061953198
7,"mut2, mut12, mut6, mut13, mut3, mut14, mut15",-0.6071428571428572,0.1482311614811614,-0.5951131588997273,0.15865403920675955
7,"mut2, mut6, mut13, mut3, mut4, mut14, mut15",-0.6071428571428572,0.1482311614811614,-0.5951919975710634,0.15858458020083094
8,"mut2, mut5, mut6, mut13, mut3, mut4, mut14, mut15",-0.6190476190476191,0.1017330374542646,-0.320351504451157,0.4391708379261833
8,"mut2, mut12, mut5, mut6, mut13, mut3, mut14, mut15",-0.6190476190476191,0.1017330374542646,-0.3208529481969393,0.43841397755853806
8,"mut2, mut12, mut5, mut6, mut13, mut4, mut14, mut15",-0.6428571428571429,0.08555889101267318,-0.34827038504026087,0.39787477290263423
7,"mut2, mut12, mut5, mut6, mut13, mut3, mut14",-0.642857142857143,0.11939237342741094,-0.31162494148298964,0.496277567700718
7,"mut2, mut5, mut6, mut13, mut3, mut4, mut14",-0.642857142857143,0.11939237342741094,-0.31208573151607966,0.4956066017843878
7,"mut12, mut5, mut6, mut13, mut3, mut4, mut15",-0.642857142857143,0.11939237342741094,-0.3288054046125583,0.4714809647995695
6,"mut12, mut5, mut6, mut13, mut3, mut4",-0.6571428571428573,0.15617492711370237,-0.31834055327519495,0.538619598591863
6,"mut12, mut5, mut6, mut13, mut4, mut14",-0.6571428571428573,0.15617492711370237,-0.3277818064006495,0.5259358786068989
6,"mut12, mut5, mut6, mut3, mut4, mut15",-0.6571428571428573,0.15617492711370237,-0.3379509375291356,0.5123724232872683
6,"mut2, mut12, mut5, mut6, mut13, mut4",-0.6571428571428573,0.15617492711370237,-0.3490667105420424,0.49766639913291194
6,"mut2, mut6, mut13, mut3, mut4, mut14",-0.6571428571428573,0.15617492711370237,-0.5982983936520803,0.2096361455482798
6,"mut2, mut12, mut6, mut13, mut3, mut14",-0.6571428571428573,0.15617492711370237,-0.6012780006768771,0.20677459035102533
6,"mut2, mut5, mut13, mut4, mut14, mut15",-0.6571428571428573,0.15617492711370237,-0.7896490155907392,0.061717548517758625
6,"mut2, mut12, mut13, mut3, mut14, mut15",-0.6571428571428573,0.15617492711370237,-0.7959938961641988,0.058182522566148795
6,"mut2, mut13, mut3, mut4, mut14, mut15",-0.6571428571428573,0.15617492711370237,-0.8090774445322134,0.05119743394239844
6,"mut2, mut12, mut5, mut13, mut14, mut15",-0.6571428571428573,0.15617492711370237,-0.8428386081020002,0.03510863479538268
7,"mut2, mut12, mut5, mut6, mut13, mut4, mut14",-0.6785714285714287,0.0937502539598313,-0.35190243707897884,0.43888436591022634
8,"mut12, mut5, mut6, mut13, mut3, mut4, mut14, mut15",-0.6904761904761906,0.057990318164572716,-0.3504053133711954,0.3947891930138187
8,"mut2, mut12, mut5, mut6, mut13, mut3, mut4, mut15",-0.6904761904761906,0.057990318164572716,-0.367635836359225,0.37027471754818775
5,"mut2, mut5, mut6, mut3, mut14",-0.7,0.18812040437418728,-0.17985857581570147,0.7722376842734053
5,"mut2, mut5, mut6, mut14, mut15",-0.7,0.18812040437418728,-0.19383735215966,0.7547529554964008
5,"mut5, mut6, mut3, mut4, mut14",-0.7,0.18812040437418728,-0.24141052773857383,0.6956387997178763
5,"mut12, mut5, mut6, mut3, mut14",-0.7,0.18812040437418728,-0.24282025813110433,0.6938972789572493
5,"mut5, mut6, mut4, mut14, mut15",-0.7,0.18812040437418728,-0.25290876805748036,0.6814530838779208
5,"mut12, mut5, mut6, mut14, mut15",-0.7,0.18812040437418728,-0.2535726125611264,0.6806354026269361
5,"mut2, mut5, mut6, mut3, mut4",-0.7,0.18812040437418728,-0.2755295121668467,0.65367567527283
5,"mut2, mut12, mut5, mut6, mut3",-0.7,0.18812040437418728,-0.2773342090040765,0.6514674018660169
5,"mut2, mut5, mut6, mut4, mut15",-0.7,0.18812040437418728,-0.2845053090349641,0.6427045707340531
5,"mut2, mut12, mut5, mut6, mut15",-0.7,0.18812040437418728,-0.28549574349301476,0.6414958099746223
5,"mut6, mut13, mut3, mut4, mut14",-0.7,0.18812040437418728,-0.5555830123765029,0.33090648223441144
5,"mut12, mut6, mut13, mut3, mut14",-0.7,0.18812040437418728,-0.5560290857738817,0.33043433170302255
5,"mut2, mut6, mut13, mut3, mut4",-0.7,0.18812040437418728,-0.5813266379769424,0.30394133547232166
5,"mut2, mut12, mut6, mut13, mut3",-0.7,0.18812040437418728,-0.5825902597842326,0.30263295387750844
5,"mut5, mut13, mut4, mut14, mut15",-0.7,0.18812040437418728,-0.7852441929909334,0.11554238157983324
5,"mut12, mut13, mut3, mut14, mut15",-0.7,0.18812040437418728,-0.78693635212469,0.11421064620536639
5,"mut2, mut12, mut13, mut3, mut14",-0.7,0.18812040437418728,-0.7961374614334741,0.10705140833027589
5,"mut2, mut12, mut13, mut3, mut15",-0.7,0.18812040437418728,-0.7997809133045843,0.1042554493008972
5,"mut2, mut13, mut3, mut4, mut14",-0.7,0.18812040437418728,-0.8093059063336623,0.09705316247506651
5,"mut13, mut3, mut4, mut14, mut15",-0.7,0.18812040437418728,-0.8142128704048499,0.09340456315012702
5,"mut2, mut13, mut3, mut4, mut15",-0.7,0.18812040437418728,-0.8232398279997897,0.08680539835986804
5,"mut2, mut5, mut13, mut4, mut15",-0.7,0.18812040437418728,-0.8321765417964082,0.08042042420505678
5,"mut12, mut5, mut13, mut14, mut15",-0.7,0.18812040437418728,-0.832696947557016,0.08005326362070829
5,"mut2, mut5, mut13, mut4, mut14",-0.7,0.18812040437418728,-0.8609593302281091,0.0609221301615948
5,"mut2, mut12, mut5, mut13, mut15",-0.7,0.18812040437418728,-0.8739704750891486,0.05268137000778021
5,"mut2, mut12, mut5, mut13, mut14",-0.7,0.18812040437418728,-0.90914473794535,0.03242276391710337
6,"mut2, mut5, mut6, mut3, mut14, mut15",-0.7142857142857143,0.1107871720116617,-0.22275031061844472,0.6714007132139979
6,"mut5, mut6, mut3, mut4, mut14, mut15",-0.7142857142857143,0.1107871720116617,-0.27118857082403935,0.6031891869668415
6,"mut12, mut5, mut6, mut3, mut14, mut15",-0.7142857142857143,0.1107871720116617,-0.2742311589390687,0.5989647272918983
6,"mut2, mut5, mut6, mut3, mut4, mut15",-0.7142857142857143,0.1107871720116617,-0.2995273178053354,0.5641453116857175
6,"mut2, mut12, mut5, mut6, mut3, mut15",-0.7142857142857143,0.1107871720116617,-0.30267904464952344,0.5598463434436328
6,"mut12, mut6, mut13, mut3, mut4, mut15",-0.7142857142857143,0.1107871720116617,-0.6148660896456056,0.19392909720695894
7,"mut12, mut5, mut6, mut13, mut3, mut4, mut14",-0.7142857142857144,0.0713435614675376,-0.34452677861278813,0.44919872467274646
7,"mut2, mut12, mut5, mut6, mut13, mut3, mut4",-0.7142857142857144,0.0713435614675376,-0.3632493329984173,0.42319526660628604
7,"mut12, mut6, mut13, mut3, mut4, mut14, mut15",-0.7142857142857144,0.0713435614675376,-0.624482218499069,0.13383412963163524
7,"mut2, mut12, mut6, mut13, mut3, mut4, mut15",-0.7142857142857144,0.0713435614675376,-0.6375814173027919,0.12345250368610282
8,"mut2, mut12, mut6, mut13, mut3, mut4, mut14, mut15",-0.7142857142857144,0.04652823228416724,-0.6428049021251129,0.08559261537741322
9,"mut2, mut12, mut5, mut6, mut13, mut3, mut4, mut14, mut15",-0.7166666666666667,0.029818035695845287,-0.3810098543505569,0.31168492332748193
8,"mut2, mut12, mut5, mut6, mut13, mut3, mut4, mut14",-0.7380952380952381,0.03655276105286081,-0.3785423556784926,0.35512202673577153
7,"mut2, mut12, mut5, mut13, mut3, mut14, mut15",-0.7500000000000002,0.05218140045705776,-0.5024637675911275,0.2504600031842894
7,"mut2, mut5, mut13, mut3, mut4, mut14, mut15",-0.7500000000000002,0.05218140045705776,-0.5030486275353898,0.24981866429220015
7,"mut2, mut12, mut6, mut13, mut3, mut4, mut14",-0.7500000000000002,0.05218140045705776,-0.6473224320444123,0.11601047883543669
7,"mut2, mut12, mut5, mut13, mut4, mut14, mut15",-0.7500000000000002,0.05218140045705776,-0.8089791437963827,0.02755510492555479
7,"mut2, mut12, mut13, mut3, mut4, mut14, mut15",-0.7500000000000002,0.05218140045705776,-0.8195559102289524,0.024042713058843746
6,"mut12, mut5, mut6, mut4, mut14, mut15",-0.7714285714285715,0.07239650145772594,-0.3425162911633338,0.5063171252867702
6,"mut12, mut5, mut6, mut3, mut4, mut14",-0.7714285714285715,0.07239650145772594,-0.357521680478276,0.48656700307309186
6,"mut2, mut12, mut5, mut6, mut4, mut15",-0.7714285714285715,0.07239650145772594,-0.36195613051157743,0.4807761460277512
6,"mut2, mut12, mut5, mut6, mut3, mut4",-0.7714285714285715,0.07239650145772594,-0.3769448333637391,0.4613623070070586
6,"mut12, mut5, mut13, mut3, mut14, mut15",-0.7714285714285715,0.07239650145772594,-0.46285068436903665,0.3553023994650267
6,"mut5, mut13, mut3, mut4, mut14, mut15",-0.7714285714285715,0.07239650145772594,-0.4677784006280369,0.3495112461538461
6,"mut2, mut12, mut5, mut13, mut3, mut15",-0.7714285714285715,0.07239650145772594,-0.4885246528181808,0.32550777271678044
6,"mut2, mut5, mut13, mut3, mut4, mut15",-0.7714285714285715,0.07239650145772594,-0.49360297606282316,0.31972721247652797
6,"mut2, mut12, mut5, mut13, mut3, mut14",-0.7714285714285715,0.07239650145772594,-0.5025300864429988,0.3096584618526517
6,"mut2, mut5, mut13, mut3, mut4, mut14",-0.7714285714285715,0.07239650145772594,-0.506018106465033,0.305756902411609
6,"mut12, mut6, mut13, mut3, mut4, mut14",-0.7714285714285715,0.07239650145772594,-0.6283247198116132,0.18154169207423948
6,"mut2, mut12, mut6, mut13, mut3, mut4",-0.7714285714285715,0.07239650145772594,-0.6416058040938004,0.16965237742741518
6,"mut12, mut5, mut13, mut4, mut14, mut15",-0.7714285714285715,0.07239650145772594,-0.8118874201425604,0.04975120594236572
6,"mut2, mut12, mut13, mut3, mut4, mut14",-0.7714285714285715,0.07239650145772594,-0.8188211139108791,0.04626501322506797
6,"mut12, mut13, mut3, mut4, mut14, mut15",-0.7714285714285715,0.07239650145772594,-0.821683153202262,0.04486038549638266
6,"mut2, mut12, mut13, mut3, mut4, mut15",-0.7714285714285715,0.07239650145772594,-0.8281190730003773,0.04177563592566141
6,"mut2, mut12, mut5, mut13, mut4, mut15",-0.7714285714285715,0.07239650145772594,-0.8508301900681052,0.031717812420066355
6,"mut2, mut12, mut5, mut13, mut4, mut14",-0.7714285714285715,0.07239650145772594,-0.8745743832447369,0.022610806110851416
7,"mut12, mut5, mut6, mut3, mut4, mut14, mut15",-0.7857142857142859,0.03623846267982714,-0.366887904692299,0.41821100300028985
7,"mut2, mut12, mut5, mut6, mut3, mut4, mut15",-0.7857142857142859,0.03623846267982714,-0.38438213052262543,0.39457140657729506
5,"mut12, mut5, mut6, mut4, mut14",-0.7999999999999999,0.10408803866182788,-0.34186216082629617,0.5733611514426865
5,"mut2, mut12, mut5, mut6, mut4",-0.7999999999999999,0.10408803866182788,-0.3630009241197035,0.5481739659551311
5,"mut12, mut5, mut13, mut3, mut15",-0.7999999999999999,0.10408803866182788,-0.43342617799903177,0.4659459791118979
5,"mut5, mut13, mut3, mut4, mut15",-0.7999999999999999,0.10408803866182788,-0.4460506524682942,0.45150966864389697
5,"mut12, mut5, mut13, mut3, mut14",-0.7999999999999999,0.10408803866182788,-0.45665979296189974,0.4394559904727841
5,"mut5, mut13, mut3, mut4, mut14",-0.7999999999999999,0.10408803866182788,-0.466492736799968,0.42834983647397507
5,"mut2, mut12, mut5, mut13, mut3",-0.7999999999999999,0.10408803866182788,-0.48655336581257524,0.40589492373538977
5,"mut2, mut5, mut13, mut3, mut4",-0.7999999999999999,0.10408803866182788,-0.4963868395982207,0.3949910814118916
5,"mut12, mut5, mut3, mut4, mut15",-0.7999999999999999,0.10408803866182788,-0.5295524744756499,0.3587455153449307
5,"mut12, mut5, mut13, mut3, mut4",-0.7999999999999999,0.10408803866182788,-0.5328988108319376,0.3551357344884673
5,"mut12, mut5, mut3, mut4, mut14",-0.7999999999999999,0.10408803866182788,-0.5420256858881645,0.3453362085681676
5,"mut2, mut12, mut5, mut3, mut4",-0.7999999999999999,0.10408803866182788,-0.5615643737067186,0.32458961766256544
5,"mut12, mut6, mut13, mut3, mut4",-0.7999999999999999,0.10408803866182788,-0.6170794128667275,0.267501402585563
5,"mut12, mut6, mut4, mut14, mut15",-0.7999999999999999,0.10408803866182788,-0.6481847762177158,0.23683297691629035
5,"mut2, mut12, mut6, mut4, mut15",-0.7999999999999999,0.10408803866182788,-0.664967447132912,0.22071626674718406
5,"mut12, mut6, mut3, mut4, mut15",-0.7999999999999999,0.10408803866182788,-0.7953247698969904,0.10767810520540903
5,"mut12, mut13, mut3, mut4, mut14",-0.7999999999999999,0.10408803866182788,-0.8216722525066772,0.08794072189475316
5,"mut2, mut12, mut13, mut3, mut4",-0.7999999999999999,0.10408803866182788,-0.8278747277768512,0.08347519471095767
5,"mut12, mut13, mut3, mut4, mut15",-0.7999999999999999,0.10408803866182788,-0.8344663641546797,0.07880877671073956
5,"mut12, mut5, mut13, mut4, mut15",-0.7999999999999999,0.10408803866182788,-0.8634129412284511,0.059339526470550304
5,"mut12, mut5, mut13, mut4, mut14",-0.7999999999999999,0.10408803866182788,-0.8902651104134035,0.04291114430892419
5,"mut2, mut12, mut5, mut13, mut4",-0.7999999999999999,0.10408803866182788,-0.9438413737156632,0.01584039339098201
8,"mut2, mut12, mut5, mut13, mut3, mut4, mut14, mut15",-0.8095238095238096,0.014902667686230067,-0.5483161662091359,0.15938565608517624
7,"mut2, mut5, mut6, mut3, mut4, mut14, mut15",-0.8214285714285715,0.023448808345691505,-0.33590885665908576,0.4613637048323008
7,"mut2, mut12, mut5, mut6, mut3, mut14, mut15",-0.8214285714285715,0.023448808345691505,-0.3410661299142267,0.45406919449804073
7,"mut12, mut5, mut13, mut3, mut4, mut14, mut15",-0.8214285714285715,0.023448808345691505,-0.5301379013281501,0.22095281153106375
7,"mut2, mut12, mut5, mut13, mut3, mut4, mut15",-0.8214285714285715,0.023448808345691505,-0.5477093310424461,0.20312381434431415
7,"mut2, mut12, mut5, mut13, mut3, mut4, mut14",-0.8214285714285715,0.023448808345691505,-0.5538151204208979,0.19709653590211973
6,"mut2, mut5, mut6, mut4, mut14, mut15",-0.8285714285714287,0.04156268221574334,-0.3076288717015749,0.5531130019838568
6,"mut2, mut12, mut5, mut6, mut14, mut15",-0.8285714285714287,0.04156268221574334,-0.31241898671519286,0.5466184448855309
6,"mut2, mut5, mut6, mut3, mut4, mut14",-0.8285714285714287,0.04156268221574334,-0.32328746197042213,0.5319629665224717
6,"mut2, mut12, mut5, mut6, mut3, mut14",-0.8285714285714287,0.04156268221574334,-0.3279416503483022,0.5257218859191585
6,"mut12, mut5, mut13, mut3, mut4, mut15",-0.8285714285714287,0.04156268221574334,-0.5260459610176011,0.2837159226061011
6,"mut12, mut5, mut13, mut3, mut4, mut14",-0.8285714285714287,0.04156268221574334,-0.5354937336326218,0.2735367611024948
6,"mut2, mut12, mut5, mut13, mut3, mut4",-0.8285714285714287,0.04156268221574334,-0.5548526103953473,0.25312994046589504
8,"mut2, mut12, mut5, mut6, mut3, mut4, mut14, mut15",-0.8571428571428572,0.006530017254715292,-0.4015735344906595,0.324081336170313
7,"mut2, mut12, mut5, mut6, mut4, mut14, mut15",-0.8571428571428573,0.013697326615325611,-0.3696538014490825,0.41443755038053487
7,"mut2, mut12, mut5, mut6, mut3, mut4, mut14",-0.8571428571428573,0.013697326615325611,-0.3974597881595648,0.3772599346309588
6,"mut2, mut12, mut5, mut6, mut4, mut14",-0.8857142857142858,0.01884548104956266,-0.37091419960377797,0.4691433957123032
6,"mut12, mut5, mut3, mut4, mut14, mut15",-0.8857142857142858,0.01884548104956266,-0.5418071089360769,0.26681441416580326
6,"mut2, mut12, mut5, mut3, mut4, mut15",-0.8857142857142858,0.01884548104956266,-0.5590826236380035,0.24875323724297627
6,"mut2, mut12, mut5, mut3, mut4, mut14",-0.8857142857142858,0.01884548104956266,-0.5667518248207133,0.240894768259044
6,"mut2, mut12, mut6, mut4, mut14, mut15",-0.8857142857142858,0.01884548104956266,-0.6606813890794162,0.15317159581171455
6,"mut12, mut6, mut3, mut4, mut14, mut15",-0.8857142857142858,0.01884548104956266,-0.8020601599802326,0.054892611093573795
6,"mut2, mut12, mut6, mut3, mut4, mut15",-0.8857142857142858,0.01884548104956266,-0.810157830347316,0.050639113483461354
5,"mut2, mut5, mut6, mut4, mut14",-0.8999999999999998,0.03738607346849875,-0.30432245475964864,0.6185914013580448
5,"mut2, mut12, mut5, mut6, mut14",-0.8999999999999998,0.03738607346849875,-0.30733949348467565,0.6149340481746877
5,"mut2, mut5, mut3, mut14, mut15",-0.8999999999999998,0.03738607346849875,-0.4244603386708138,0.4762580528369222
5,"mut5, mut3, mut4, mut14, mut15",-0.8999999999999998,0.03738607346849875,-0.4678247958538706,0.42685025172866453
5,"mut12, mut5, mut3, mut14, mut15",-0.8999999999999998,0.03738607346849875,-0.46908560477487793,0.4254319793919818
5,"mut2, mut5, mut3, mut4, mut15",-0.8999999999999998,0.03738607346849875,-0.495416899279149,0.39606349966506305
5,"mut2, mut12, mut5, mut3, mut15",-0.8999999999999998,0.03738607346849875,-0.4959786097974821,0.3954423588941528
5,"mut2, mut5, mut3, mut4, mut14",-0.8999999999999998,0.03738607346849875,-0.5117423024854358,0.37810568851261833
5,"mut2, mut12, mut5, mut3, mut14",-0.8999999999999998,0.03738607346849875,-0.5140134308160844,0.37562328436769304
5,"mut2, mut12, mut6, mut14, mut15",-0.8999999999999998,0.03738607346849875,-0.6121500868553633,0.27245223843825955
5,"mut2, mut6, mut4, mut14, mut15",-0.8999999999999998,0.03738607346849875,-0.6203924963787392,0.2641874757742479
5,"mut2, mut6, mut3, mut14, mut15",-0.8999999999999998,0.03738607346849875,-0.7405483019704605,0.15231741316912328
5,"mut6, mut3, mut4, mut14, mut15",-0.8999999999999998,0.03738607346849875,-0.7579268369120721,0.13766360495105578
5,"mut2, mut6, mut3, mut4, mut15",-0.8999999999999998,0.03738607346849875,-0.7737397149698231,0.12471771204958429
5,"mut12, mut6, mut3, mut14, mut15",-0.8999999999999998,0.03738607346849875,-0.7769503602491172,0.12213604242157183
5,"mut2, mut12, mut6, mut3, mut15",-0.8999999999999998,0.03738607346849875,-0.7925356898244885,0.10983724115664935
5,"mut12, mut6, mut3, mut4, mut14",-0.8999999999999998,0.03738607346849875,-0.8235043001483076,0.08661429980843319
5,"mut12, mut5, mut4, mut14, mut15",-0.8999999999999998,0.03738607346849875,-0.8266644445998372,0.08434092491319135
5,"mut2, mut12, mut6, mut3, mut4",-0.8999999999999998,0.03738607346849875,-0.8316235937484198,0.08081111128389866
5,"mut2, mut12, mut4, mut14, mut15",-0.8999999999999998,0.03738607346849875,-0.8402306779153929,0.0747966394878417
5,"mut2, mut12, mut5, mut4, mut15",-0.8999999999999998,0.03738607346849875,-0.8619128353013069,0.06030556068690357
5,"mut2, mut12, mut6, mut4, mut14",-0.8999999999999998,0.03738607346849875,-0.8736626750043902,0.05287193517343828
5,"mut2, mut12, mut5, mut4, mut14",-0.8999999999999998,0.03738607346849875,-0.8848292373681803,0.046099756108928455
5,"mut12, mut3, mut4, mut14, mut15",-0.8999999999999998,0.03738607346849875,-0.9795594764804771,0.0034973234950422902
5,"mut2, mut12, mut3, mut4, mut15",-0.8999999999999998,0.03738607346849875,-0.9798581101572679,0.0034211151565432573
5,"mut2, mut12, mut3, mut4, mut14",-0.8999999999999998,0.03738607346849875,-0.9840441546182237,0.00241363403352665
7,"mut2, mut12, mut5, mut3, mut4, mut14, mut15",-0.9285714285714288,0.0025194724037946874,-0.56444123057234,0.186816146772231
7,"mut2, mut12, mut6, mut3, mut4, mut14, mut15",-0.9285714285714288,0.0025194724037946874,-0.8134890185559382,0.026024498347909004
6,"mut2, mut5, mut3, mut4, mut14, mut15",-0.942857142857143,0.004804664723032055,-0.5148249717850706,0.29598837069769784
6,"mut2, mut12, mut5, mut3, mut14, mut15",-0.942857142857143,0.004804664723032055,-0.5199203948991539,0.2903911247649521
6,"mut2, mut6, mut3, mut4, mut14, mut15",-0.942857142857143,0.004804664723032055,-0.7844133965366026,0.0647064031973383
6,"mut2, mut12, mut6, mut3, mut14, mut15",-0.942857142857143,0.004804664723032055,-0.8003155063902959,0.05582974601808247
6,"mut2, mut12, mut5, mut4, mut14, mut15",-0.942857142857143,0.004804664723032055,-0.8275789223822382,0.04203058648756882
6,"mut2, mut12, mut6, mut3, mut4, mut14",-0.942857142857143,0.004804664723032055,-0.8333097173554327,0.039362676538859415
6,"mut2, mut12, mut3, mut4, mut14, mut15",-0.942857142857143,0.004804664723032055,-0.977824637703132,0.0007321677089582739
5,"mut2, mut6, mut3, mut4, mut14",-0.9999999999999999,1.4042654220543672e-24,-0.8056000711605475,0.09983669347156643
5,"mut2, mut5, mut4, mut14, mut15",-0.9999999999999999,1.4042654220543672e-24,-0.8121918716585445,0.09490212351502585
5,"mut2, mut12, mut6, mut3, mut14",-0.9999999999999999,1.4042654220543672e-24,-0.8309751232448888,0.08127003267780902
5,"mut2, mut12, mut5, mut14, mut15",-0.9999999999999999,1.4042654220543672e-24,-0.8892375230853595,0.04350834108197504
5,"mut2, mut3, mut4, mut14, mut15",-0.9999999999999999,1.4042654220543672e-24,-0.9810733689954949,0.00311678625322361
5,"mut2, mut12, mut3, mut14, mut15",-0.9999999999999999,1.4042654220543672e-24,-0.9880377339025794,0.0015677371082194749
