,part_sequences,values
0,TTGCCATATAATG,0.009263759898494393
1,TTTACATAAGATG,0.01371397043426426
2,TTTACATAAGATA,0.012329858558260957
3,TTGCCATATAATA,0.00487567150303312
4,TTGCCCTATGCTA,0.8808662563159533
5,TTGCCCTATGCTC,6.96278261452855
6,TTGCCATAAGATT,0.009560271906268446
7,TTGCCCTATGCTG,0.42508213051805943
8,TTTACATAAGATT,0.020013273352634527
9,TTGCCATATAATT,0.006845125010272889
10,TTTCACTAAGCTG,0.15455790514257323
11,TTTCCATATAATG,0.005894359077050857
12,TTGCCATAAGATA,0.024734551211583702
13,TTGCCATAAGATC,0.009566382832199141
14,TTGCCCTATGCTT,1.938713703114988
15,TTGCCATAAGATG,0.015244426716351643
16,TTTCACTAAGCTA,0.2243829521392975
17,TTTACCTTAGATT,0.01894514847237897
18,TTGCACTTAGATG,0.008658503664016817
19,TTTACATAAGATC,0.1517044922384949
20,TTGCACTTAGATC,0.0052177955763063975
21,TTTACATTTGATT,0.004401369899866071
22,TTGCACTTAGATA,0.0039981198211522274
23,TTTACCTTAGATA,0.009759741508575627
24,TTTACCTTAGATC,0.01609210592449008
25,TTTACCTTAGATG,0.02341509407195863
26,TTGCACTTAGATT,0.03615579938642782
27,TTGACCTAAAATA,0.04366228067955846
28,TTGCCATTAACTT,0.006849598672611089
29,TTGCAATTAACTT,0.1319219833620203
30,TTGCAATATGCTT,0.02012383673995803
31,TTTCCCTAAACTT,1.1021080210074488
32,TTGACATTTAATT,0.018785917707356777
33,TTGCAATATGCTA,0.04195756416063488
34,TTGCAATTAACTG,0.2006051076070559
35,TTGCAATTAACTA,0.4287317439410611
36,TTGCAATTAACTC,0.08614612544488162
37,TTGACATTTAATC,0.0075638233944518565
38,TTTCCCTAAACTA,1.3272368335736762
39,TTGACATTTAATA,0.027596453603065823
40,TTTCCCTAAACTC,0.9522080024448095
41,TTGACATTTAATG,0.043047078441710386
42,TTTCCCTAAACTG,1.8646219907891026
43,TTTAACTTTGATG,0.014231262458426411
44,TTTCAATTTACTA,0.09332979854023607
45,TTGCCCTAAAATT,0.014924430011063628
46,TTTAACTTTGATA,0.00762164005692143
47,TTTCACTAAACTG,1.4121704152000136
48,TTTCACTAAACTC,0.6572969547110851
49,TTGAAATTAGATT,0.07551033729100545
50,TTTCACTAAACTA,0.9378180408257938
51,TTGCCCTAAAATA,0.00902839831107953
52,TTGCCCTAAAATC,0.008923565907052573
53,TTGCCCTAAAATG,0.01820315113410297
54,TTGACCTAAAATG,0.0827449820139849
55,TTGAAATTAGATC,0.014530649939164472
56,TTTCACTAAACTT,1.6248938268088202
57,TTGAAATTAGATA,0.007320011773337135
58,TTTCCCTATGATA,11.00891847325525
59,TTGAAATTAGATG,0.0021016619490322186
60,TTTCCCTATGATC,5.918694805878908
61,TTGCACTAAGATA,0.004003275843002045
62,TTGCACTAAGATC,0.013763986525433723
63,TTGCACTAAGATG,0.025560656061863515
64,TTTAACTTAGATT,0.0035979864878868764
65,TTTCAATTAAATA,0.07517331996210766
66,TTGAACTATGATG,0.044743164769837356
67,TTTCAATTAAATC,0.008573329282110864
68,TTTAACTATGCTT,0.9405563009953082
69,TTGAACTATGATC,0.02041927923140373
70,TTTCAATTAAATG,0.07690766878701666
71,TTGCACTATAATA,0.005021058810798556
72,TTTAACTTAGATA,0.011876956859749023
73,TTGCACTATGATG,0.06548396002709576
74,TTTAACTTAGATG,0.003697632508228778
75,TTGCACTAAGATT,0.01730273014440557
76,TTGCACTATGATC,0.059478631197171096
77,TTTAACTATGCTG,1.5957353041075866
78,TTGAACTATGATT,0.03560114403039687
79,TTTAACTATGCTC,0.48718462004769547
80,TTTCAATTAAATT,0.0254597474122294
81,TTTAACTATGCTA,0.6775834037490728
82,TTGCACTTAAATT,0.7716776314874401
83,TTTAACTAAACTA,1.5565432383853681
84,TTTAACTAAACTC,1.4063585334422115
85,TTTAACTAAACTG,2.3774734292137665
86,TTGCCATTAAATA,0.75522974002906
87,TTGCCATTAAATC,0.4600201220010727
88,TTGCACTTAAATG,1.0495233515598794
89,TTTAACTAAACTT,2.4333899790779565
90,TTGCACTTAAATA,0.563299260644991
91,TTGCACTTAAATC,0.681027922278171
92,TTGAAATTTGATG,0.0007416092756444156
93,TTGCCATTAACTA,0.00852199281101635
94,TTTAACTATACTA,8.041512154547304
95,TTTAACTATACTC,3.9137448926784666
96,TTTCCATAAAATT,8.591964003655963
97,TTTAACTATACTG,1.0325925636182964
98,TTTCCATTAGATG,0.03216264940674683
99,TTTAACTAAGATG,3.2112945944547766
100,TTTCCATTAGATA,0.0025909136101883966
101,TTTCCATTAGATC,0.031418462821628954
102,TTGAAATTTACTT,0.13880918824419194
103,TTGAAATATAATA,0.2878315520301312
104,TTTAACTATACTT,84.64251111428396
105,TTTCCATAAAATG,1.2934038263291525
106,TTTCCATTAGATT,0.0060244585351551415
107,TTGAAATTTACTA,0.06514740659434286
108,TTGAAATTTACTG,0.0265787774123952
109,TTGCCCTTAGCTT,0.0008485789267660916
110,TTGCAATTTGCTG,0.014449684219879128
111,TTGACATTAACTA,7.423428633979205
112,TTGACCTATGCTC,0.07750355382897334
113,TTGAACTTAACTG,0.0008202477187771595
114,TTGCCCTTAGCTG,0.0024039826356302514
115,TTGCCCTTAGCTC,0.012683242872996329
116,TTGCCCTTAGCTA,0.03970435952484208
117,TTTCACTTAACTG,0.0015422255652335515
118,TTGAACTTAACTT,0.006749367162325277
119,TTGCCATAAGCTC,21.298183681497413
120,TTGCCATAAGCTA,27.83364340590636
121,TTTCAATTAGATT,0.012275653008494205
122,TTGCCATAAGCTG,25.535718609755044
123,TTGCCCTTTACTC,0.009689812528904149
124,TTTAAATAAACTC,8.665157880830062
125,TTTAAATAAACTA,6.798867155778939
126,TTTAAATAAACTG,13.468962861375356
127,TTTCAATTAGATG,0.00802896036558374
128,TTGCCCTTTACTT,0.006207534140883935
129,TTGAAATATGATC,0.03863119063916949
130,TTTCAATTAGATA,0.022193000213935977
131,TTGCCATAAGCTT,38.867737169595046
132,TTTACCTATACTG,0.022013025719191635
133,TTTAAATAAACTT,8.380177883834817
134,TTGACCTTAGATG,0.05914290854973498
135,TTTAAATTAGATT,0.04452869243555841
136,TTTAAATTTAATA,1.285010227759702
137,TTTAAATTTAATG,0.6508832080921951
138,TTGCACTTTGCTG,0.0011256247229393917
139,TTGCCATTTGCTA,0.0017675886692179814
140,TTTAAATTAGATG,0.022761111800885265
141,TTGCAATAAGATT,0.010147478279775048
142,TTTAAATTTAATT,0.7633854391759805
143,TTTACCTTAGCTG,0.0013418223747562886
144,TTGCCATTTGCTC,0.0012859169760542214
145,TTGCAATTTAATG,17.95407389477456
146,TTTACCTATGCTC,11.497714618859238
147,TTTACCTAAAATG,0.4755630618643236
148,TTGCAATTTAATC,6.924043901493859
149,TTTACCTAAAATA,0.28384318034205386
150,TTGCAATTTAATA,18.971248866583217
151,TTTACCTAAAATC,0.255117521325921
152,TTTACCTTTAATT,0.20927129167995764
153,TTTACATTAAATG,5.484149069886225
154,TTTACCTAAAATT,0.4659887123306429
155,TTGCAATTTAATT,14.296683219256103
156,TTTACCTATGCTT,23.42257917999418
157,TTTACCTTTAATG,0.23413810604842544
158,TTTACCTTTAATC,0.05399755037664154
159,TTTACCTTTAATA,0.28348831622604476
160,TTTCACTTAAATG,0.07455702061609713
161,TTTAAATATGCTG,6.425741849675638
162,TTTAAATATGCTA,2.9059579071485047
163,TTTAAATATGCTC,2.5877268625936765
164,TTGAAATTAAATT,2.872343852178771
165,TTGCCCTAAACTT,0.003553066591590294
166,TTTAAATATGCTT,3.1494758185275944
167,TTGCCCTAAACTC,0.019031475069423678
168,TTGAAATTAAATA,4.810050291630047
169,TTGCCCTAAACTA,0.019803768280623253
170,TTGAAATTAAATC,1.859028534150748
171,TTGCCCTAAACTG,0.005074745710348395
172,TTGAAATTAAATG,4.268253852283016
173,TTGACCTTAGATC,0.025010826487477336
174,TTGACCTTAGATA,0.08301001043111213
175,TTTACATATGATT,0.05437741394231057
176,TTGCACTAAGCTC,23.979120799108845
177,TTGCACTAAGCTA,23.211124779860086
178,TTTACCTTAAATT,0.12609977950246617
179,TTGCACTAAGCTG,43.167612894503606
180,TTTACCTAAACTT,7.126391939775974
181,TTGCCATTTGCTG,0.0045483441526921655
182,TTTACATATGATA,0.08314759651814776
183,TTTACATATGATC,0.021190226033895945
184,TTGACCTTAGATT,0.07522934626785462
185,TTTACCTTAAATG,0.11331662902881122
186,TTGCAATAAACTG,0.19568494196173902
187,TTTACCTTAAATC,0.014110684405123072
188,TTGCCATTTGCTT,0.0035372597891586664
189,TTTACCTTAAATA,0.2907061524385064
190,TTGCACTAAGCTT,15.845604478058046
191,TTTCAATATGATA,3.9672445969288086
192,TTTCAATATGATC,14.06200490939894
193,TTTCAATATGATG,0.3893853496352828
194,TTTCACTTTGATG,0.0005557705270464564
195,TTTCAATATGATT,15.190372587346712
196,TTTCACTTTGATC,0.0028093534248326115
197,TTGAACTAAACTT,0.013785913708731628
198,TTGACCTTAACTT,0.1612046540509849
199,TTTAACTATAATC,0.037358726690233435
200,TTTAACTATAATA,0.0282917303909653
201,TTTAACTTTAATG,0.2007200474373739
202,TTTAACTATAATG,0.029091469267963237
203,TTTAACTTTAATA,0.16023370011008942
204,TTGACCTTAACTC,0.08582802800017594
205,TTGACCTTAACTA,0.1947366958118305
206,TTGACCTTAACTG,0.25661687082420487
207,TTTAACTTTAATT,0.11801889661295131
208,TTGCCCTAAGATC,0.021785967677741828
209,TTGCCCTAAGATA,0.0076889399707105646
210,TTTAACTATAATT,0.0053172122497958055
211,TTGCCATAAAATG,0.03418553936341575
212,TTGACATTAGATA,3.2220315834858786
213,TTGACATTAGATC,1.3360415339740799
214,TTGCCATAAAATA,0.03896840614967743
215,TTGACATTAGATG,3.72411656130871
216,TTGACATATAATT,0.00626559989518229
217,TTGACATAAGATG,0.013138111727227144
218,TTGCCATATGATG,0.02810355033788882
219,TTGCCATATGATA,0.03098102468551362
220,TTGCCATATGATC,0.033218959317528524
221,TTTCACTTTGATT,0.19942248462876394
222,TTTAACTTAACTT,0.006503848312118516
223,TTGACATTAGATT,3.252179928999513
224,TTGAAATATACTG,0.10395084778557807
225,TTGCCATATGATT,0.02585569241824076
226,TTTACCTATGATT,0.1674307807002952
227,TTGACATATAATG,0.002594276093966382
228,TTTCCATAAGCTA,0.29115316633128585
229,TTTCCATAAGCTC,0.13656647485909879
230,TTTCCATAAGCTG,0.37406471074361447
231,TTGCAATATGCTG,0.018598561550096537
232,TTTCACTAAGATT,0.6892124497377965
233,TTTCCATAAGCTT,0.2605548002713346
234,TTTACCTTTGATG,0.001129481436501757
235,TTGAACTTTGATG,0.0004630638794366884
236,TTGAACTTTGATA,0.02755436904453317
237,TTTCCATTTGCTG,0.0006364317726123064
238,TTTACCTTTGATT,0.030538190371915463
239,TTGAACTTTGATT,0.0066041468690713305
240,TTGCCATTAAATT,0.7079496181292211
241,TTGACCTATGCTA,0.06481531060505034
242,TTGACCTATGCTG,0.03796022489179919
243,TTTACCTATGATC,0.21526137464692832
244,TTGCAATAAGCTA,0.0741619471524767
245,TTTACCTATGATA,0.4554419923257257
246,TTTACCTATGATG,0.3490313184356413
247,TTGACCTTTAATT,20.23998324191414
248,TTGCCATTAAATG,1.2805788280127466
249,TTGACCTTTAATA,26.859259967158746
250,TTGACCTTTAATC,4.000694655466772
251,TTGACCTTTAATG,27.55649432021248
252,TTTCAATTTACTG,0.026932382650973533
253,TTGAACTAAGCTT,6.838038760829317
254,TTTCACTAAGATG,1.4373940944366745
255,TTTAAATAAGCTA,0.8967209184897643
256,TTTCCCTTTGATT,0.05566571123490175
257,TTTAAATAAGCTC,0.9955652562237333
258,TTTAAATAAGCTG,1.156614016765045
259,TTGAACTAAGCTA,4.987807850944704
260,TTGAACTAAGCTC,5.048789070971558
261,TTGAACTAAGCTG,12.177739330674573
262,TTTCCCTATGATT,8.512950543093917
263,TTTCCCTTTGATG,0.003267845288523534
264,TTTAAATAAGCTT,0.8511099580097188
265,TTTCCCTTTGATC,0.0015227428355276912
266,TTTCACTAAGATC,1.1095657382423256
267,TTGCAATATGATC,0.04061538072458702
268,TTGCAATATGATA,0.10355262428326799
269,TTGCAATATGATG,0.04285687687833179
270,TTTAAATTTGATG,0.0398284175276632
271,TTTACCTAAGCTG,2.8496507971215985
272,TTTACCTAAGCTA,2.501295275547064
273,TTTCCATTTAATT,0.11892695451132027
274,TTGCACTTTGATT,0.004259423986080905
275,TTTCAATATGCTC,2.4384017302524876
276,TTTCAATATGCTA,3.451663646252471
277,TTTCAATATGCTG,6.322975371697206
278,TTGCAATATGATT,0.03636925855225295
279,TTTCCATTTGATA,0.004907225038983215
280,TTTACCTAAGCTT,1.9116783909881114
281,TTTCCATTTAATC,0.005222024560787791
282,TTGCACTTTGATA,0.0023125137110250413
283,TTTCCATTTAATA,0.06505795630869614
284,TTGCACTTTGATG,0.02118823013574991
285,TTTCCATTTAATG,0.05176028073866433
286,TTGCACTAAAATG,0.1252829010076855
287,TTGCCCTATACTC,0.0015953689107355998
288,TTTCCATATAATC,0.0063334213685179285
289,TTGCCCTATACTA,0.01800677618345016
290,TTGCACTAAAATC,0.058385868509132785
291,TTGCCCTATACTG,0.0007602230934523676
292,TTGCACTAAAATA,0.09195415623386274
293,TTGCACTAAAATT,0.08961572334416516
294,TTTCCATATAATT,0.013607952367574838
295,TTGCCCTATACTT,0.0003104447854501792
296,TTGCCCTAAGATT,0.027270735144711643
297,TTGACATTAACTT,9.769515542933705
298,TTTCAATTTACTT,0.04210942234090054
299,TTTCAATATACTG,0.010817634434154835
300,TTGACCTATACTT,0.008216975457775338
301,TTGACATTAACTC,3.0265997660294754
302,TTGCAATATACTG,0.0021482221807658493
303,TTGACATTAACTG,7.842635773527709
304,TTTCCCTATGATG,15.622467553485585
305,TTGACCTATACTG,0.0096914930366245
306,TTGAAATATGCTT,0.018602465507303396
307,TTGCCATTTGATT,0.008897917488526228
308,TTGACCTAAGATT,0.021194011252368188
309,TTGCCATTTGATC,0.006836611600507218
310,TTGAAATATGCTC,0.21995895139977928
311,TTGAAATATGCTA,0.0354411466920092
312,TTGCCATTTGATG,0.004460221556655181
313,TTGAAATATGCTG,0.02256375075385871
314,TTGACCTAAGATG,0.018088416461569
315,TTGACCTAAGATA,0.020974849675326476
316,TTGACCTAAGATC,0.008718227978382804
317,TTTCCATAAACTC,3.556308995905686
318,TTTACATAAGCTT,0.15437654407178042
319,TTTCCATAAACTA,9.624014034159114
320,TTTCCATAAACTG,6.34859272317168
321,TTGCACTATGATT,0.05528357816399318
322,TTGCCCTATGATT,0.007783255709229708
323,TTTACATAAGCTG,0.06664904313462423
324,TTTACATAAGCTC,0.05329811115104424
325,TTTCCATAAACTT,4.931352083859037
326,TTTACATAAGCTA,0.14036038247215069
327,TTGCCCTATGATC,0.0044387195780893965
328,TTGCCCTATGATA,0.010219518540613808
329,TTGCCCTATGATG,0.013292439338085884
330,TTGACCTTTGATG,0.004359500120999501
331,TTGACCTTTGATC,0.0010908962335305456
332,TTGACCTTTGATA,0.007494317169786989
333,TTTAACTTTACTT,0.02724201015807226
334,TTTCACTTTACTC,0.029249241309677824
335,TTGACCTTTGATT,0.005033431576260787
336,TTTAACTTTACTG,0.022795414558700277
337,TTTAACTTTACTC,0.08191633242353885
338,TTTAACTTTACTA,0.04840686272626345
339,TTGACCTTTACTC,0.16873623198871596
340,TTTAACTTAACTG,0.020767169486028886
341,TTGACCTTTACTA,0.4177016517432036
342,TTGACCTTTACTG,0.45986201741138644
343,TTGCAATAAAATT,0.038958891632721246
344,TTGACCTTTACTT,0.26262572262312006
345,TTGCAATAAAATA,0.0425623482845769
346,TTGCCATAAAATC,0.026546807004021605
347,TTGCAATAAAATG,0.05368170681943571
348,TTGCAATTAAATG,9.760145902876946
349,TTTCACTATACTT,1.6401669616790562
350,TTTAACTTAACTA,0.40378673392323083
351,TTGCAATTAAATA,10.17067407761994
352,TTTCCCTAAAATC,11.522904297268536
353,TTTCAATTAACTT,0.022519704558530376
354,TTTCCCTAAAATG,26.956883628126427
355,TTGAACTAAGATT,0.01087938209840723
356,TTTCACTATACTG,0.019601508338478374
357,TTGCAATTAAATT,5.494577706827871
358,TTTCACTATACTC,8.5527532070181
359,TTTCACTATACTA,0.8170257089193409
360,TTGAACTAAGATC,0.0016016527922349177
361,TTGAACTAAGATA,0.018184797012143303
362,TTGAACTAAGATG,0.015073834940460553
363,TTTACATATAATA,0.10360996206968422
364,TTGCACTATGATA,0.11077323369785677
365,TTGACCTATAATA,0.02912104089887036
366,TTGACCTAAACTA,0.0027369124980165752
367,TTTCCCTTAACTT,0.012919245536643625
368,TTTCCCTTAAATG,0.042655361305669534
369,TTGACCTATAATG,0.03176201976203792
370,TTTCCATATACTG,0.0012477493947161598
371,TTTCCCTTAACTG,0.016479075551701326
372,TTGCCCTTTGCTT,0.006188115590362553
373,TTTCCCTTAACTC,0.011953246882488189
374,TTTAACTAAGCTG,0.3686067382850836
375,TTTCCCTTAACTA,0.015260011708000662
376,TTGCACTATGCTG,0.026698344710752598
377,TTGCACTATGCTC,0.023226841651826275
378,TTGCACTATGCTA,0.010593584044914487
379,TTGACATTTGCTG,0.004110857140466401
380,TTGCAATTTACTG,0.5318804164349722
381,TTGCAATTTACTA,0.891785768445062
382,TTGCAATTTACTC,0.24509252834194067
383,TTTCAATATAATG,0.01724316241751607
384,TTGCACTATGCTT,0.04082089846573478
385,TTGCCATAAAATT,0.03743508598353079
386,TTGCAATTTACTT,0.2616340002677213
387,TTTCCATTAACTT,0.004777184782089614
388,TTGCCATTTACTG,0.030639161433290825
389,TTTCCCTTTAATG,0.11065563907813326
390,TTGCCATTTACTC,0.0030498553128346074
391,TTTCCCTTTAATA,0.09304006496515599
392,TTGCCATTTACTA,0.03668143711174597
393,TTTCCCTTTAATC,0.025324855328194566
394,TTGAAATAAGCTG,13.243390129060446
395,TTGAAATATGATT,0.07874767445969785
396,TTGAAATAAGCTC,63.22815816866254
397,TTTCCCTATACTT,0.012158536068454184
398,TTGAAATAAGCTA,72.98500694728652
399,TTTCCCTTTAATT,0.08895361681716375
400,TTGCCCTTTGCTC,0.006326402252608847
401,TTGCCATTTACTT,0.015153649716165308
402,TTTCCCTATACTA,0.02268781140581825
403,TTTCCCTATACTC,0.0042264447948297335
404,TTGAAATAAGCTT,89.36424830701333
405,TTTCCCTATACTG,0.006158651759473135
406,TTTAAATTAACTT,0.017280724099081938
407,TTGCACTTTACTG,0.010012691942764334
408,TTTACATATGCTC,0.012961728795209798
409,TTGACATTTACTC,5.398112247545431
410,TTGAACTTAAATT,0.3218325603172459
411,TTTAAATTAACTA,0.9341066792343609
412,TTTAAATTAACTG,0.02143482440450961
413,TTGAACTTAAATC,0.2508349698684935
414,TTGAACTTAAATA,0.6450472798037687
415,TTGAACTTAAATG,0.4329886600150665
416,TTGCCCTTAACTG,0.013637965834793757
417,TTTAACTAAAATT,26.72978292220808
418,TTGCCCTTAAATT,0.06546375883809408
419,TTGACCTAAAATT,0.06941216007909091
420,TTGAAATTAACTG,0.021084745502473853
421,TTGCCCTTAACTA,0.00302384794316116
422,TTTCACTAAGATA,0.8587689462750238
423,TTTAACTAAAATC,21.14461561124021
424,TTTAACTAAAATA,20.587524253908498
425,TTTAACTAAAATG,53.41342289372995
426,TTGCCCTTAAATG,0.051679471377624076
427,TTGCCCTTAACTC,0.0037032633327955394
428,TTGCCCTTAAATC,0.015520413307821964
429,TTGAAATTAACTT,0.35004652738089725
430,TTGCCCTTAAATA,0.10053601597147142
431,TTGCAATAAGATG,0.019168428976446814
432,TTGAAATAAGATT,0.02771185082122872
433,TTGACATAAACTT,0.0053386738497411
434,TTGCCCTAAGATG,0.0165938442085659
435,TTGAAATATAATG,0.008418735388852605
436,TTGCAATAAGATA,0.013919846137324415
437,TTGACATATACTG,0.027754294556802235
438,TTTACATTTAATT,12.092129907200215
439,TTGACATATACTA,0.045415813474495234
440,TTGACATAAACTG,0.01107878383911698
441,TTGAAATAAGATG,0.02438887991784229
442,TTGCCATTAGCTG,0.0008357902717844829
443,TTGACATAAACTC,0.0037891229172549784
444,TTGACATAAACTA,0.00789234958622752
445,TTTACATTTAATA,11.889569528819392
446,TTGACATATACTT,0.002864827312191714
447,TTTACATTTAATC,3.3855132364919593
448,TTGACCTAAACTG,0.04886992811174644
449,TTTACATTTAATG,12.1963832033649
450,TTGCACTTAACTG,0.004942393126634569
451,TTTAACTATGATG,22.8220658359253
452,TTTAACTATGATA,11.229305646324356
453,TTGCACTTAACTC,0.004595846757253346
454,TTTAACTATGATC,7.467757377397792
455,TTGCACTTAACTA,0.029782079527488705
456,TTTCAATAAGATT,10.499931087193868
457,TTGCCCTTAACTT,0.0022560531077238885
458,TTGCACTTAACTT,0.6376194406526909
459,TTTACCTAAACTC,2.9912809204869624
460,TTGCAATAAACTT,0.017051262306724276
461,TTGCACTATACTG,0.004435430336018828
462,TTTCAATAAGATA,11.96370871725588
463,TTGCAATTAAATC,3.9983706469482647
464,TTTACATATGATG,0.3147547925830836
465,TTGACATAAGCTT,0.03682703074931784
466,TTGAGATAATCTT,0.001160802695538738
467,TTGACATAAGCTA,0.13400759749922536
468,TTGACATAAGCTC,0.09165973939372751
469,TTGACATAAGCTG,0.07167793118390048
470,TTGCCCTAAGCTG,2.203802070101613
471,TTTCACTTTACTG,0.02206349403400047
472,TTGCCCTAAGCTA,1.409011172517467
473,TTTCACTTTACTA,0.037070835790300544
474,TTGCCCTAAGCTC,1.353776812858372
475,TTTCCATTAAATT,0.021818550456521986
476,TTGCACTTTACTA,0.018783507066762337
477,TTTCACTTTACTT,0.0035842330508843072
478,TTTACCTATAATG,0.011603996045467604
479,TTTCCATTAAATC,0.00649184027057643
480,TTGCCCTAAGCTT,1.164313240986842
481,TTTCCATTAAATA,0.047462559352384165
482,TTTCCATTAAATG,0.022219127693183308
483,TTTCAATAAACTG,16.223909436706045
484,TTTCAATAAACTA,12.726830988036058
485,TTTCAATAAACTC,7.777251470916344
486,TTTCCCTAAGATA,0.9649077515812038
487,TTTCCCTAAGATC,0.8171872920838178
488,TTTCACTATGCTT,0.6031956777524375
489,TTTCCCTAAGATG,1.5945521941529806
490,TTTCAATAAACTT,4.726574538554108
491,TTTCCATATGATC,25.452082345622642
492,TTTCCATATGATA,10.622875916216051
493,TTTCACTATGCTA,0.9862950696275227
494,TTTCACTTTGATA,0.016588724102250228
495,TTTCACTATGCTC,0.3008137628376357
496,TTTCCCTAAGATT,1.3583293517718986
497,TTTAACTTAAATG,0.06760312931093804
498,TTTCACTATGCTG,0.7436214554531007
499,TTTCCCTATAATC,0.008544299696866141
500,TTTCCCTATAATA,0.015212704504596244
501,TTGACATATGCTG,0.023220887877481368
502,TTTCCCTATAATG,0.026882350091595283
503,TTGACATATGCTA,0.028054487805409714
504,TTTACCTATAATC,0.04019815677767766
505,TTGACATATGCTC,0.03836651523662332
506,TTTCCCTTAGATC,0.019973789110089804
507,TTTAACTTAAATA,0.12435757197835895
508,TTTCCCTTAGATA,0.006142415222103541
509,TTGCAATTAGATG,0.044333596560358055
510,TTTCCCTTAGATG,0.006695022574217275
511,TTGCAATTAGATA,0.39584738787633866
512,TTGCCATAAACTC,0.005430840043635382
513,TTGCAATTAGATC,0.024881982749512133
514,TTGACATATGCTT,0.023246155303630674
515,TTTACATATAATG,0.016526017303704416
516,TTTAAATATAATC,0.19746298030710838
517,TTTAACTTAAATC,0.055672625087778045
518,TTTAAATATAATG,0.06269609068245605
519,TTTCCCTATAATT,0.008493113721810577
520,TTGCAATTAGATT,0.030656715995683217
521,TTGCCATAAACTT,0.007742400522465427
522,TTTCCCTTAGATT,0.0036947283350731164
523,TTTAAATATAATA,0.3319673245247438
524,TTGCCCTTTGATT,0.07186697349440258
525,TTTACCTATAATT,0.014035529355896574
526,TTTCACTTTGCTG,0.020360512277581844
527,TTGAACTTAGATT,0.002231915035225917
528,TTTCCCTTTACTA,0.04765777017875563
529,TTTAAATTAAATT,0.18386284117982074
530,TTGCCCTTTGATA,0.017541417181604152
531,TTGCCCTTTGATC,0.008950039385249917
532,TTTCCATAAAATC,2.172766324420311
533,TTTCCCTAAAATT,15.661848727847977
534,TTGCCCTTTGATG,0.012491668175813016
535,TTTAAATTAAATC,0.06897225391706854
536,TTTAAATTAAATA,0.5262849373400056
537,TTTAAATTAAATG,0.31194839382155215
538,TTGAACTTAGATG,0.00816740726827506
539,TTGCACTAAACTT,0.023349975679915695
540,TTGACATTAAATA,0.01218269951354293
541,TTTCCATATGATT,19.7008766193316
542,TTTCACTTAGATC,0.002437017293987633
543,TTTCCCTTTGCTG,0.0012436587150288017
544,TTTCACTTAGATG,0.006128233036565704
545,TTTCCCTATGCTG,0.7745388854919473
546,TTGCACTAAACTG,0.0229705543161787
547,TTGCACTAAACTA,0.022583460471155295
548,TTGACCTATGCTT,0.04186601048474196
549,TTGACATTAAATT,0.014580414901789955
550,TTTAACTTAAATT,0.07545272912785377
551,TTTCCCTTTGCTT,0.005195063779942586
552,TTTCACTTAGATT,0.005643179589098119
553,TTTCAATTTAATT,0.11810700208124837
554,TTTCACTAAAATT,11.825893803603392
555,TTTACATAAAATG,0.045211925123585545
556,TTGACCTATGATC,0.01678275841723778
557,TTTACCTTTGCTG,0.00400805692294965
558,TTTACCTTTGCTC,0.007080434956080521
559,TTTCCATATGCTT,2.0078050500488023
560,TTTCACTAAAATG,20.83729545171581
561,TTTCACTAAAATA,9.863727764300723
562,TTTCACTAAAATC,12.357177126900213
563,TTTACCTTAACTG,0.010416350067484727
564,TTTACCTTAACTA,0.025996817648288213
565,TTGACATTAGCTT,0.027552925895234608
566,TTGCCATATGCTT,0.014384239217734678
567,TTTACATAAACTG,0.029375999514146052
568,TTTACATAAACTA,0.009178731431635178
569,TTTACATAAACTC,0.011902703929886828
570,TTGACATTAGCTC,0.023598764059755674
571,TTTAACTTTGCTG,0.025193859409897726
572,TTGCCATTAACTG,0.012100115931182433
573,TTGACATTAGCTG,0.03158746184611165
574,TTTACATAAACTT,0.017631064395301172
575,TTGCCATATGCTG,0.012248618239590505
576,TTGCCATATGCTC,0.023143364745879764
577,TTGCCATATGCTA,0.008256239729118868
578,TTGACATAAGATC,0.0031924309219240237
579,TTGACATAAGATA,0.001276939973537844
580,TTTAACTAAGATT,2.2375207763574942
581,TTTCAATTTGCTG,0.000840726656425155
582,TTTAAATAAGATT,8.627745548741322
583,TTTAACTAAGATA,1.7614706530806024
584,TTGCCATATACTG,0.003557264725238189
585,TTGCCATATACTC,0.32154999125316247
586,TTTCCCTAAAATA,16.192171902967353
587,TTTAAATAAGATC,7.951781838924445
588,TTTAAATAAGATA,8.335455716052564
589,TTTAAATAAGATG,13.181456128159805
590,TTGAAATATGATA,0.09785716815535958
591,TTTCACTTAAATT,0.030567999667496078
592,TTTACATTAAATT,8.521343362470375
593,TTGAAATATGATG,0.039858208473817845
594,TTGAACTTTACTG,0.018994058100684517
595,TTTACATTAAATA,4.214747610313422
596,TTTACATTAAATC,2.188023370218122
597,TTTCACTTAAATC,0.004105525335218748
598,TTTCACTTAAATA,0.03505249429428972
599,TTTACCTAAGCTC,1.0126736344534712
600,TTGAACTTTACTT,0.018501405185994083
601,TTTCACTATGATC,2.5218445306695103
602,TTGAACTATACTG,0.11049329249558808
603,TTTCACTATGATA,7.22155786286749
604,TTTCACTATGATG,10.03923444749543
605,TTTCCATATGCTA,1.8256323723152341
606,TTTAAATATGATT,142.72197043344164
607,TTTACATTTGATG,0.01880149592728716
608,TTTCACTATGATT,6.113738524286069
609,TTTAAATATGATG,192.45584694673138
610,TTTAAATATGATC,55.624004549929545
611,TTTAAATATGATA,119.38343866159771
612,TTGCACTAAACTC,0.005935806834929938
613,TTGAACTAAAATT,0.03168055782160389
614,TTGAAATAAGATC,0.0317378033121298
615,TTGCCATTAACTC,0.01490409250470159
616,TTTCACTTTGCTT,0.00721145128984115
617,TTGCAATAAGATC,0.006273146737966137
618,TTTCCATTAGCTG,0.002039994693606204
619,TTGCCCTTAGATG,0.008075810702098722
620,TTGCCCTTAGATA,0.000981783619865127
621,TTGCCCTTAGATC,0.12877145140263532
622,TTGACCTATAATC,0.005095858929261161
623,TTTACCTTTACTG,0.08413973636027544
624,TTTACCTTTACTA,0.008733708804294898
625,TTTACCTTTACTC,0.014350026686615738
626,TTGCCCTTAGATT,0.013845020071555561
627,TTTCCATTAACTA,0.00950100678493429
628,TTGACATAAGATT,0.036560521247086426
629,TTTACCTTTACTT,0.004634106155021349
630,TTGCACTTTAATA,1.1927458343256645
631,TTGCCCTTTGCTA,0.007604731307421869
632,TTGCACTTAGCTG,0.020791479063227883
633,TTGCCCTTTGCTG,0.006516128858012679
634,TTGACCTATAATT,0.008973934332109775
635,TTGCACTTAGCTC,0.007382178750435756
636,TTGACATTTGATT,0.4280886474509612
637,TTGACATTAAATC,0.03496162709812925
638,TTGACATTTGCTC,0.0027082975462447982
639,TTGACCTTTGCTG,0.001668036514847104
640,TTGCCCTTTACTG,0.007274789539431418
641,TTGCCCTTTAATG,0.1574079960677216
642,TTGACATTTGATG,0.654347731699071
643,TTTCCCTATGCTT,0.6308023745594397
644,TTGACATTTGATA,0.5453415569535489
645,TTTCCATTAACTG,0.005572327052081938
646,TTGACATTTGATC,0.37475037379142084
647,TTGCCATAAACTG,0.011661992886286117
648,TTGACCTTTGCTT,0.17322271427889713
649,TTGACCTAAACTC,0.001086384832857394
650,TTGACATTAAATG,0.023597347438383473
651,TTGCCCTTTAATC,0.10319114186389049
652,TTGCCATTTAATG,1.7929661731626456
653,TTGCCATTTAATA,2.2652256926835315
654,TTGCCATTTAATC,0.9761429408705271
655,TTGCCCTTTAATA,0.11809814246519318
656,TTGCCATTTAATT,1.4122935365782667
657,TTGAAATATAATT,0.015620815013153648
658,TTGCACTTTAATT,2.319128966725998
659,TTTACCTATACTT,0.058290645355348315
660,TTGAACTAAAATC,0.04879867158722781
661,TTGAACTATGCTT,0.5136036335148587
662,TTTCACTATAATT,0.0028380525498657464
663,TTTCCATAAAATA,25.07814019722371
664,TTGCCCTTTAATT,0.18402412189264977
665,TTGACCTAAACTT,0.011630776992918911
666,TTTCAATAAGCTA,0.6680565353988985
667,TTGCACTTTAATG,1.7972425457526306
668,TTGCCATAAACTA,0.006371577801118606
669,TTGCACTTTAATC,0.705029160273182
670,TTTCACTAAGCTC,0.11531097544587976
671,TTTCACTATAATG,0.021534583722190245
672,TTGAACTATGCTG,0.2804216943171601
673,TTTCACTATAATA,0.13327723019802357
674,TTGAACTATGCTA,0.6337006866123166
675,TTTCACTATAATC,0.03218174854829874
676,TTGAACTATGCTC,2.4600696702238256
677,TTGACCTTAAATA,8.421652280424148
678,TTGACCTTAAATC,3.2067801432224075
679,TTGACCTTAAATG,7.942017609891527
680,TTTAAATAAAATT,211.98587507291433
681,TTTCACTTAGCTG,0.0011489509981499593
682,TTTCCCTATGCTC,0.6289093408470314
683,TTTAAATAAAATC,122.16505605646668
684,TTTAAATAAAATG,158.61673443523148
685,TTTCCCTATGCTA,0.4557474540398673
686,TTGCACTATAATG,0.014151702752904649
687,TTTCCATATGATG,4.6909207490871285
688,TTGCACTATAATC,0.011333124730141007
689,TTTACATTAACTT,0.03790781880546101
690,TTTCAATAAGCTT,0.3358736710455753
691,TTTACATTAACTG,0.021319797112297048
692,TTGAAATTTAATT,4.231230819789625
693,TTTCCCTTAGCTG,0.0004990016114711847
694,TTTACATAAAATT,0.1437809459004945
695,TTTACCTATACTA,0.017752372139085322
696,TTGACCTTAAATT,6.579321735086966
697,TTTACATAAAATC,0.01819981056620836
698,TTTACATAAAATA,0.03348487308866015
699,TTTCAATTTGATT,0.007641918024410349
700,TTTCCCTTTACTT,0.024175253166827892
701,TTTAAATTTAATC,0.06765456538440458
702,TTTCCCTTTACTG,0.03259006140755513
703,TTTCCCTTTACTC,0.005064018164526268
704,TTTAAATAAAATA,170.94358091902856
705,TTTAAATTTACTT,0.5131883650368956
706,TTGAAATAAACTT,0.013556169891722494
707,TTGAACTTTAATT,0.40938663184404805
708,TTGAAATTTAATC,3.2097088403057166
709,TTGAACTTTAATC,0.17263156314327163
710,TTTAAATTTACTA,0.0807227524961657
711,TTGAACTTTAATA,0.6882864125433523
712,TTGAACTTTAATG,0.8721971621858768
713,TTGAAATAAACTG,0.023763631179565717
714,TTTAAATTTACTG,0.30040254634299424
715,TTGCACTATAATT,0.007416449569638826
716,TTGACATAAAATT,0.05239076339292089
717,TTGCAATAAGCTG,0.09797301529488661
718,TTTCCATTTGATT,0.0029280047424460756
719,TTGCAATAAGCTC,0.08455677727557838
720,TTGCAATAAGCTT,0.1996271872891524
721,TTGACATAAAATG,0.052595554607122556
722,TTGACATAAAATA,0.015695855148003146
723,TTGACATAAAATC,0.018693537884277422
724,TTTCCATTTGATG,0.04346939262136243
725,TTGCAATAAACTA,0.030637782229839976
726,TTTCAATTTAATA,0.18104758243557537
727,TTGCACTTTGCTT,0.013240642910432194
728,TTGACCTATGATA,0.05221929376368967
729,TTTCAATATGCTT,2.398057640522185
730,TTTCAATTAACTG,0.0048504149950062084
731,TTGACCTATGATG,0.049847615909063656
732,TTTACCTAAACTA,12.214499271061264
733,TTTCAATAAGCTG,0.5854833087329488
734,TTGACCTATGATT,0.044561781574322
735,TTGACCTAAAATC,0.031242817036733997
736,TTGCAATATGCTC,0.0653599634346851
737,TTTCCCTTAAATA,0.04548367382786886
738,TTGACATTTACTT,23.461315966400587
739,TTTCCCTTAAATC,0.013132272359256219
740,TTTCAATTTGATG,0.004067134497885783
741,TTGAACTAAACTG,0.014724623521828642
742,TTTCAATTTAATG,0.08088215188242583
743,TTGAACTAAACTC,0.006375434276459115
744,TTGAACTAAACTA,0.006154669159792988
745,TTTCAATAAGCTC,0.23886029519509078
746,TTGACATTTACTA,42.385880953785446
747,TTTCCCTTAAATT,0.05458266603884042
748,TTTCAATAAGATG,11.13371473518153
749,TTGACATTTACTG,37.44697015165564
750,TTGACCTTAGCTG,0.006075010698299126
751,TTTACATATGCTT,0.003290627242446367
752,TTGCAATATAATA,0.12304290042144744
753,TTTCCATAAGATT,2.7945384161393383
754,TTGCAATATAATG,0.003193899299886205
755,TTTACATTAGATT,0.03401722980309824
756,TTTCCATAAGATC,3.8896150419578572
757,TTTCCATAAGATA,3.1893372098327353
758,TTGCAATATAATT,0.006852241392360493
759,TTTCCATAAGATG,6.499114560500204
760,TTTACATTAGATG,0.00581659643486599
761,TTTAAATTTGATT,0.0071320761902071254
762,TTTACATTAGATA,0.034299519192551274
763,TTTACCTATGCTA,29.437348720882454
764,TTTCACTTTAATT,0.035666541892942355
765,TTGACCTAAGCTT,0.08233619138505269
766,TTGCCCTTTACTA,0.003497984186923719
767,TTTCCATTTACTA,0.05010469147202963
768,TTGCCCTATAATT,0.0009553104070715157
769,TTGAACTTAGCTG,0.06657835452599321
770,TTTCCATTTACTG,0.0106190263719403
771,TTGACCTAAGCTG,0.08341502505475112
772,TTTCACTTTAATG,0.027332769587556965
773,TTGACCTAAGCTC,0.08335823840559173
774,TTTCACTTTAATC,0.02855364438778832
775,TTGACCTAAGCTA,0.04371179090380975
776,TTTCACTTTAATA,0.04494742221800188
777,TTGCCCTATAATA,0.001827423342783714
778,TTTCCATATGCTG,3.796634903676343
779,TTGCCCTATAATC,0.001133702617441187
780,TTTCCATTTACTT,0.012357109889647527
781,TTTACATTAACTA,0.0253143897554211
782,TTTCCATATGCTC,1.898721736747405
783,TTGCCCTATAATG,0.001424826731222271
784,TTTAACTAAGCTC,0.13089039081660397
785,TTTCAATAAAATT,0.30176836140687624
786,TTTAACTAAGCTA,0.08093999223562305
787,TTTACCTATGCTG,38.46065855881887
788,TTTAACTATGATT,8.847300383286404
789,TTTACATATGCTG,0.02766363840567638
790,TTTCACTAAGCTT,0.070072784358469
791,TTTCCCTAAGCTT,0.11976472548412104
792,TTTCAATAAAATG,0.46067701317762755
793,TTGAACTAAAATG,0.06800119609144346
794,TTGAACTAAAATA,0.02769832281721846
795,TTTCAATAAAATC,0.5945523375678883
796,TTTAACTAAGCTT,0.1659552981542107
797,TTTCAATAAAATA,2.4278974193064418
798,TTTCCCTAAGCTC,0.22008840335026308
799,TTTCCCTAAGCTA,0.12734209668919078
800,TTTCCCTAAGCTG,0.20251937742136422
801,TTGAACTTTGCTG,0.06615978739117608
802,TTGCCATTAGATG,0.003656296071370435
803,TTGACATATGATT,0.05307224123768733
804,TTGCCATTAGATC,0.0044618265672844975
805,TTGCCATTAGATA,0.003797555292801561
806,TTTACATTTACTC,0.03911448283811622
807,TTTCAATAAGATC,10.815163896132523
808,TTTACATTTACTA,0.9572893030250655
809,TTTACATTTACTG,0.16431659643470894
810,TTGAAATTTAATA,3.578898128270562
811,TTGACATATGATG,0.03480731117255686
812,TTGCCATTAGATT,0.004305072067282893
813,TTGACATATGATC,0.01287080816159644
814,TTGAAATTTAATG,6.226510315931957
815,TTGACATATGATA,0.005933695422351644
816,TTTACATTTACTT,0.33824940164903655
817,TTGCACTTTACTT,0.014988468202795788
818,TTTACCTAAACTG,1.9833434549387463
819,TTTACCTAAGATT,40.13211085756167
820,TTTAACTAAGATC,2.690645664980577
821,TTGCAATTTGATT,0.0017776184112144324
822,TTGAAATAAAATT,0.007790242609652822
823,TTTCCATATAATA,0.004850664670341113
824,TTGACATTAGCTA,0.04989690256169564
825,TTTAAATTTGCTG,0.008371917535219412
826,TTGAAATAAAATC,0.027419521073096642
827,TTTACCTAAGATG,3.0399204401406843
828,TTGAAATAAAATA,0.024231563750614152
829,TTGAAATAAAATG,0.059752200631712535
830,TTTACCTAAGATC,18.082237538185964
831,TTGCAATTTGATG,0.04009696863941337
832,TTTACCTAAGATA,26.795865743915943
